name,position,team,pos_rank,model_total,model_ppg,model_games,model_floor,model_ceiling,sleeper_total,sleeper_ppr_native,sleeper_games,slp_pass_yd,slp_pass_td,slp_pass_int,slp_rush_yd,slp_rush_td,slp_rec,slp_rec_yd,slp_rec_td,slp_fum_lost,diff,diff_pct,abs_diff,sleeper_ppg,ppg_diff,games_diff,pts_from_games_diff,pts_from_ppg_diff
Malik Willis,QB,MIA,48,46.0,8.4,5.5,-3.0,83.0,261.12,270.12,18.0,2848.0,17.0,9.0,712.0,5.0,0.0,0.0,0.0,2.0,-215.12,-82.38357843137256,215.12,14.506666666666668,-6.106666666666667,-12.5,-181.33333333333334,-33.58666666666667
Kyler Murray,QB,MIN,33,103.0,12.6,8.2,1.0,172.0,265.66,274.66,18.0,3384.0,21.0,9.0,503.0,3.0,0.0,0.0,0.0,3.0,-162.66000000000003,-61.228638108860956,162.66000000000003,14.75888888888889,-2.1588888888888906,-9.8,-144.63711111111112,-17.7028888888889
Jayden Higgins,WR,HOU,27,162.0,11.4,14.1,44.0,211.0,0.0,0.0,18.0,0.0,0.0,0.0,0.0,0.0,0.0,0.0,0.0,0.0,162.0,,162.0,0.0,11.4,-3.9000000000000004,0.0,160.74
Ty Simpson,QB,LAR,26,153.0,14.0,10.9,11.0,180.0,12.620000000000001,13.62,18.0,218.0,1.0,1.0,19.0,0.0,0.0,0.0,0.0,0.0,140.38,1112.3613312202851,140.38,0.7011111111111111,13.29888888888889,-7.1,-4.977888888888889,144.9578888888889
Jayden Daniels,QB,WAS,25,167.0,17.0,9.9,83.0,274.0,299.72,308.72,18.0,3328.0,21.0,9.0,686.0,6.0,0.0,0.0,0.0,3.0,-132.72000000000003,-44.281329240624586,132.72000000000003,16.651111111111113,0.3488888888888866,-8.1,-134.87400000000002,3.453999999999977
Geno Smith,QB,NYJ,36,87.0,11.4,7.6,-2.0,132.0,208.48,222.48,18.0,3372.0,22.0,14.0,156.0,1.0,0.0,0.0,0.0,4.0,-121.47999999999999,-58.26937835763623,121.47999999999999,11.58222222222222,-0.1822222222222205,-10.4,-120.4551111111111,-1.3848888888888757
Chris Rodriguez Jr.,RB,JAX,97,14.0,1.9,7.4,-21.0,75.0,132.5,132.5,18.0,0.0,0.0,0.0,728.0,6.0,15.0,107.0,0.0,1.0,-118.5,-89.43396226415095,118.5,7.361111111111111,-5.46111111111111,-10.6,-78.02777777777777,-40.41222222222222
Kenneth Walker III,RB,KC,29,127.0,10.1,12.5,55.0,209.0,244.0,244.0,18.0,0.0,0.0,0.0,1158.0,9.0,37.0,272.0,2.0,1.0,-117.0,-47.950819672131146,117.0,13.555555555555555,-3.4555555555555557,-5.5,-74.55555555555556,-43.19444444444444
Isaiah Likely,TE,NYG,57,41.0,4.0,10.3,0.0,75.0,157.3,157.3,18.0,0.0,0.0,0.0,0.0,0.0,62.0,653.0,5.0,0.0,-116.30000000000001,-73.93515575333758,116.30000000000001,8.738888888888889,-4.738888888888889,-7.699999999999999,-67.28944444444444,-48.81055555555556
Tyler Shough,QB,NO,27,144.0,14.0,10.3,25.0,211.0,258.94000000000005,270.94,18.0,3666.0,22.0,12.0,343.0,3.0,0.0,0.0,0.0,3.0,-114.94000000000005,-44.38866146597669,114.94000000000005,14.385555555555559,-0.385555555555559,-7.699999999999999,-110.7687777777778,-3.971222222222258
Zach Charbonnet,RB,SEA,20,181.0,12.3,14.7,81.0,236.0,67.2,67.2,18.0,0.0,0.0,0.0,264.0,3.0,11.0,78.0,1.0,1.0,113.8,169.3452380952381,113.8,3.7333333333333334,8.566666666666666,-3.3000000000000007,-12.320000000000002,125.92999999999999
Lamar Jackson,QB,BAL,16,207.0,17.1,12.1,138.0,310.0,318.0,326.0,18.0,3380.0,27.0,8.0,668.0,5.0,0.0,0.0,0.0,4.0,-111.0,-34.90566037735849,111.0,17.666666666666668,-0.5666666666666664,-5.9,-104.23333333333335,-6.856666666666664
DJ Moore,WR,BUF,80,71.0,5.7,12.3,41.0,158.0,179.0,179.0,18.0,0.0,0.0,0.0,29.0,0.0,63.0,851.0,5.0,1.0,-108.0,-60.33519553072626,108.0,9.944444444444445,-4.2444444444444445,-5.699999999999999,-56.68333333333333,-52.20666666666667
Jalen Coker,WR,CAR,92,58.0,5.9,9.9,0.0,111.0,165.9,165.9,18.0,0.0,0.0,0.0,6.0,0.0,60.0,753.0,5.0,0.0,-107.9,-65.03918022905366,107.9,9.216666666666667,-3.3166666666666664,-8.1,-74.655,-32.835
Mac Jones,QB,SF,28,128.0,11.6,11.0,53.0,182.0,24.720000000000002,26.72,18.0,423.0,3.0,2.0,18.0,0.0,0.0,0.0,0.0,1.0,103.28,417.799352750809,103.28,1.3733333333333335,10.226666666666667,-7.0,-9.613333333333335,112.49333333333334
Ricky Pearsall,WR,SF,63,100.0,9.1,11.0,30.0,161.0,0.0,0.0,18.0,0.0,0.0,0.0,0.0,0.0,0.0,0.0,0.0,0.0,100.0,,100.0,0.0,9.1,-7.0,0.0,100.1
Jayden Reed,WR,GB,66,98.0,8.6,11.3,38.0,161.0,197.60000000000002,197.6,18.0,0.0,0.0,0.0,83.0,0.0,70.0,853.0,6.0,1.0,-99.60000000000002,-50.40485829959515,99.60000000000002,10.97777777777778,-2.37777777777778,-6.699999999999999,-73.55111111111111,-26.868888888888915
Spencer Shrader,K,IND,30,98.0,8.0,12.3,71.0,137.0,0.0,0.0,18.0,0.0,0.0,0.0,0.0,0.0,0.0,0.0,0.0,0.0,98.0,,98.0,0.0,8.0,-5.699999999999999,0.0,98.4
Jalen Nailor,WR,LV,117,33.0,3.1,10.8,0.0,115.0,130.6,130.6,18.0,0.0,0.0,0.0,19.0,0.0,46.0,587.0,4.0,0.0,-97.6,-74.73200612557427,97.6,7.2555555555555555,-4.155555555555555,-7.199999999999999,-52.239999999999995,-44.879999999999995
Puka Nacua,WR,LAR,10,216.0,17.3,12.4,122.0,321.0,312.5,312.5,18.0,0.0,0.0,0.0,55.0,0.0,107.0,1400.0,10.0,1.0,-96.5,-30.880000000000003,96.5,17.36111111111111,-0.061111111111110006,-5.6,-97.22222222222221,-0.7577777777777641
Mike Evans,WR,SF,49,126.0,11.3,11.2,35.0,170.0,222.2,222.2,18.0,0.0,0.0,0.0,0.0,0.0,70.0,1022.0,8.0,0.0,-96.19999999999999,-43.29432943294329,96.19999999999999,12.344444444444443,-1.0444444444444425,-6.800000000000001,-83.94222222222223,-11.697777777777755
David Montgomery,RB,HOU,36,113.0,9.1,12.3,26.0,189.0,206.10000000000002,206.1,18.0,0.0,0.0,0.0,986.0,8.0,32.0,235.0,1.0,1.0,-93.10000000000002,-45.172246482290156,93.10000000000002,11.450000000000001,-2.3500000000000014,-5.699999999999999,-65.265,-28.90500000000002
J.J. McCarthy,QB,MIN,31,111.0,12.6,8.8,7.0,166.0,18.619999999999997,19.62,18.0,213.0,1.0,1.0,21.0,1.0,0.0,0.0,0.0,0.0,92.38,496.1331901181525,92.38,1.0344444444444443,11.565555555555555,-9.2,-9.516888888888886,101.77688888888889
Joe Burrow,QB,CIN,19,205.0,19.4,10.6,122.0,294.0,296.12,306.12,18.0,4008.0,33.0,10.0,138.0,2.0,0.0,0.0,0.0,3.0,-91.12,-30.771308928812648,91.12,16.45111111111111,2.948888888888888,-7.4,-121.73822222222222,31.258222222222212
Jaylen Waddle,WR,DEN,45,132.0,10.5,12.7,54.0,216.0,221.0,221.0,18.0,0.0,0.0,0.0,18.0,0.0,77.0,1002.0,7.0,0.0,-89.0,-40.27149321266968,89.0,12.277777777777779,-1.7777777777777786,-5.300000000000001,-65.07222222222224,-22.577777777777786
Christian Watson,WR,GB,53,122.0,10.2,11.9,69.0,182.0,207.60000000000002,207.6,18.0,0.0,0.0,0.0,14.0,0.0,63.0,1012.0,7.0,0.0,-85.60000000000002,-41.233140655105984,85.60000000000002,11.533333333333335,-1.3333333333333357,-6.1,-70.35333333333334,-15.866666666666696
Cam Skattebo,RB,NYG,34,117.0,12.0,9.8,25.0,181.0,201.20000000000002,201.2,18.0,0.0,0.0,0.0,891.0,6.0,42.0,301.0,1.0,1.0,-84.20000000000002,-41.84890656063619,84.20000000000002,11.177777777777779,0.8222222222222211,-8.2,-91.65777777777778,8.057777777777767
Omarion Hampton,RB,LAC,22,159.0,13.0,12.3,64.0,239.0,242.9,242.9,18.0,0.0,0.0,0.0,1025.0,8.0,48.0,364.0,2.0,2.0,-83.9,-34.540963359407165,83.9,13.494444444444445,-0.49444444444444535,-5.699999999999999,-76.91833333333332,-6.0816666666666785
Troy Franklin,WR,DEN,34,150.0,10.9,13.8,73.0,191.0,66.1,66.1,18.0,0.0,0.0,0.0,14.0,0.0,24.0,287.0,2.0,0.0,83.9,126.92889561270803,83.9,3.672222222222222,7.227777777777778,-4.199999999999999,-15.42333333333333,99.74333333333334
Terry McLaurin,WR,WAS,47,131.0,11.6,11.2,70.0,195.0,213.8,213.8,18.0,0.0,0.0,0.0,7.0,0.0,74.0,1031.0,6.0,0.0,-82.80000000000001,-38.72778297474275,82.80000000000001,11.877777777777778,-0.27777777777777857,-6.800000000000001,-80.7688888888889,-3.1111111111111196
Bhayshul Tuten,RB,JAX,44,92.0,7.4,12.4,10.0,142.0,174.8,174.8,18.0,0.0,0.0,0.0,794.0,6.0,32.0,234.0,1.0,1.0,-82.80000000000001,-47.36842105263158,82.80000000000001,9.711111111111112,-2.311111111111112,-5.6,-54.382222222222225,-28.65777777777779
Devin Singletary,RB,NYG,41,94.0,6.7,14.1,7.0,174.0,12.3,12.3,18.0,0.0,0.0,0.0,41.0,0.0,5.0,32.0,0.0,0.0,81.7,664.2276422764228,81.7,0.6833333333333333,6.016666666666667,-3.9000000000000004,-2.6650000000000005,84.835
A.J. Brown,WR,NE,25,166.0,12.5,13.3,111.0,237.0,247.2,247.2,18.0,0.0,0.0,0.0,6.0,0.0,79.0,1176.0,8.0,0.0,-81.19999999999999,-32.847896440129446,81.19999999999999,13.733333333333333,-1.2333333333333325,-4.699999999999999,-64.54666666666665,-16.40333333333332
Matthew Golden,WR,GB,68,90.0,7.9,11.3,18.0,149.0,170.1,170.1,18.0,0.0,0.0,0.0,51.0,0.0,58.0,770.0,5.0,0.0,-80.1,-47.08994708994709,80.1,9.45,-1.549999999999999,-6.699999999999999,-63.31499999999999,-17.51499999999999
Xavier Worthy,WR,KC,76,82.0,7.0,11.7,24.0,161.0,161.5,161.5,18.0,0.0,0.0,0.0,90.0,1.0,55.0,695.0,4.0,1.0,-79.5,-49.22600619195047,79.5,8.972222222222221,-1.9722222222222214,-6.300000000000001,-56.525,-23.07499999999999
Jordan Love,QB,GB,23,190.0,14.7,13.0,128.0,264.0,268.52,278.52,18.0,3808.0,27.0,10.0,202.0,2.0,0.0,0.0,0.0,3.0,-78.51999999999998,-29.241769700580956,78.51999999999998,14.917777777777777,-0.21777777777777807,-5.0,-74.58888888888889,-2.831111111111115
Chig Okonkwo,TE,WAS,35,68.0,5.6,12.2,21.0,122.0,144.1,144.1,18.0,0.0,0.0,0.0,0.0,0.0,61.0,591.0,4.0,0.0,-76.1,-52.81054823039556,76.1,8.005555555555555,-2.405555555555555,-5.800000000000001,-46.43222222222222,-29.347777777777768
Malik Washington,WR,MIA,94,56.0,4.2,13.3,6.0,138.0,131.3,131.3,18.0,0.0,0.0,0.0,121.0,1.0,48.0,472.0,3.0,0.0,-75.30000000000001,-57.34958111195735,75.30000000000001,7.294444444444445,-3.094444444444445,-4.699999999999999,-34.28388888888889,-41.15611111111112
Romeo Doubs,WR,NE,71,86.0,7.4,11.6,19.0,153.0,161.2,161.2,18.0,0.0,0.0,0.0,0.0,0.0,57.0,742.0,5.0,0.0,-75.19999999999999,-46.650124069478906,75.19999999999999,8.955555555555556,-1.5555555555555554,-6.4,-57.31555555555556,-18.04444444444444
Lucas Havrisik,K,GB,38,75.0,6.3,12.0,34.0,123.0,0.0,0.0,18.0,0.0,0.0,0.0,0.0,0.0,0.0,0.0,0.0,0.0,75.0,,75.0,0.0,6.3,-6.0,0.0,75.6
Jordan Mason,RB,MIN,49,79.0,6.2,12.6,0.0,171.0,153.7,153.7,18.0,0.0,0.0,0.0,797.0,6.0,20.0,140.0,1.0,1.0,-74.69999999999999,-48.601171112556926,74.69999999999999,8.538888888888888,-2.3388888888888877,-5.4,-46.11,-29.469999999999985
Sam LaPorta,TE,DET,20,122.0,9.6,12.7,73.0,186.0,196.5,196.5,18.0,0.0,0.0,0.0,3.0,0.0,76.0,842.0,6.0,0.0,-74.5,-37.913486005089055,74.5,10.916666666666666,-1.3166666666666664,-5.300000000000001,-57.85833333333334,-16.721666666666664
Justin Jefferson,WR,MIN,21,176.0,12.7,13.9,84.0,281.0,250.4,250.4,18.0,0.0,0.0,0.0,6.0,0.0,90.0,1178.0,7.0,0.0,-74.4,-29.712460063897765,74.4,13.911111111111111,-1.2111111111111121,-4.1,-57.035555555555554,-16.834444444444458
TreVeyon Henderson,RB,NE,8,245.0,17.0,14.4,123.0,331.0,171.0,171.0,18.0,0.0,0.0,0.0,760.0,5.0,35.0,260.0,1.0,1.0,74.0,43.27485380116959,74.0,9.5,7.5,-3.5999999999999996,-34.199999999999996,108.0
Parker Washington,WR,JAX,37,147.0,10.8,13.6,55.0,188.0,218.4,212.4,18.0,0.0,0.0,0.0,58.0,0.0,72.0,906.0,7.0,0.0,-71.4,-32.69230769230769,71.4,12.133333333333333,-1.3333333333333321,-4.4,-53.38666666666667,-18.133333333333315
Marcus Mariota,QB,WAS,40,83.0,10.5,7.9,0.0,130.0,12.12,13.12,18.0,188.0,1.0,1.0,26.0,0.0,0.0,0.0,0.0,0.0,70.88,584.8184818481849,70.88,0.6733333333333333,9.826666666666666,-10.1,-6.800666666666666,77.63066666666667
Jameis Winston,QB,NYG,41,82.0,11.4,7.2,14.0,125.0,11.860000000000001,12.86,18.0,214.0,1.0,1.0,13.0,0.0,0.0,0.0,0.0,0.0,70.14,591.3996627318718,70.14,0.658888888888889,10.741111111111111,-10.8,-7.116000000000001,77.336
Ja'Kobi Lane,WR,BAL,115,35.0,4.0,8.9,0.0,103.0,104.9,104.9,18.0,0.0,0.0,0.0,6.0,0.0,35.0,453.0,4.0,0.0,-69.9,-66.63489037178265,69.9,5.827777777777778,-1.8277777777777784,-9.1,-53.03277777777778,-16.267222222222227
Mike Washington Jr.,RB,LV,81,28.0,2.9,9.5,-27.0,110.0,97.50000000000001,97.5,18.0,0.0,0.0,0.0,458.0,3.0,16.0,117.0,1.0,0.0,-69.50000000000001,-71.28205128205128,69.50000000000001,5.416666666666668,-2.516666666666668,-8.5,-46.04166666666668,-23.908333333333346
RJ Harvey,RB,DEN,13,213.0,14.6,14.6,117.0,312.0,144.1,144.1,18.0,0.0,0.0,0.0,515.0,3.0,37.0,276.0,2.0,1.0,68.9,47.81401804302568,68.9,8.005555555555555,6.594444444444445,-3.4000000000000004,-27.218888888888888,96.2788888888889
Rico Dowdle,RB,PIT,42,93.0,8.3,11.2,60.0,171.0,161.10000000000002,161.1,18.0,0.0,0.0,0.0,678.0,4.0,38.0,273.0,1.0,1.0,-68.10000000000002,-42.27188081936686,68.10000000000002,8.950000000000001,-0.6500000000000004,-6.800000000000001,-60.860000000000014,-7.280000000000004
Mark Andrews,TE,BAL,27,96.0,7.5,12.7,42.0,156.0,162.5,162.5,18.0,0.0,0.0,0.0,12.0,0.0,60.0,653.0,6.0,0.0,-66.5,-40.92307692307692,66.5,9.027777777777779,-1.5277777777777786,-5.300000000000001,-47.847222222222236,-19.402777777777786
Joe Flacco,QB,CIN,35,93.0,13.4,7.0,17.0,123.0,26.720000000000002,28.72,18.0,448.0,3.0,2.0,8.0,0.0,0.0,0.0,0.0,0.0,66.28,248.05389221556885,66.28,1.4844444444444447,11.915555555555557,-11.0,-16.32888888888889,83.4088888888889
Keaton Mitchell,RB,LAC,76,31.0,4.0,7.7,-21.0,65.0,96.9,96.9,18.0,0.0,0.0,0.0,435.0,3.0,18.0,134.0,1.0,1.0,-65.9,-68.00825593395253,65.9,5.383333333333334,-1.3833333333333337,-10.3,-55.448333333333345,-10.65166666666667
Anthony Richardson,QB,IND,38,86.0,11.5,7.5,-3.0,120.0,20.32,21.32,18.0,193.0,1.0,1.0,46.0,1.0,0.0,0.0,0.0,0.0,65.68,323.228346456693,65.68,1.1288888888888888,10.37111111111111,-10.5,-11.853333333333333,77.78333333333333
Ben Sauls,K,NYG,34,96.0,7.5,12.8,73.0,135.0,31.0,31.0,18.0,0.0,0.0,0.0,0.0,0.0,0.0,0.0,0.0,0.0,65.0,209.6774193548387,65.0,1.7222222222222223,5.777777777777778,-5.199999999999999,-8.955555555555556,73.95555555555556
Matthew Stafford,QB,LAR,18,205.0,16.5,12.4,75.0,295.0,269.21999999999997,280.22,18.0,4033.0,32.0,11.0,19.0,0.0,0.0,0.0,0.0,2.0,-64.21999999999997,-23.85409702102369,64.21999999999997,14.956666666666665,1.5433333333333348,-5.6,-83.75733333333332,19.137333333333352
Alvin Kamara,RB,NO,28,127.0,9.6,13.3,53.0,205.0,63.0,63.0,18.0,0.0,0.0,0.0,185.0,1.0,20.0,145.0,1.0,1.0,64.0,101.58730158730158,64.0,3.5,6.1,-4.699999999999999,-16.449999999999996,81.13
Christian McCaffrey,RB,SF,11,227.0,26.5,8.6,114.0,258.0,291.0,291.0,18.0,0.0,0.0,0.0,984.0,7.0,70.0,606.0,4.0,2.0,-64.0,-21.993127147766323,64.0,16.166666666666668,10.333333333333332,-9.4,-151.9666666666667,88.86666666666665
Saquon Barkley,RB,PHI,18,184.0,14.5,12.6,116.0,381.0,246.7,246.7,18.0,0.0,0.0,0.0,1220.0,8.0,37.0,277.0,2.0,1.0,-62.69999999999999,-25.41548439400081,62.69999999999999,13.705555555555556,0.7944444444444443,-5.4,-74.01,10.009999999999998
Rhamondre Stevenson,RB,NE,38,107.0,9.1,11.8,47.0,174.0,169.00000000000003,169.0,18.0,0.0,0.0,0.0,786.0,6.0,29.0,214.0,1.0,1.0,-62.00000000000003,-36.68639053254439,62.00000000000003,9.388888888888891,-0.2888888888888914,-6.199999999999999,-58.211111111111116,-3.408888888888919
James Conner,RB,ARI,33,119.0,12.1,9.9,33.0,160.0,57.2,57.2,18.0,0.0,0.0,0.0,220.0,2.0,11.0,82.0,1.0,1.0,61.8,108.04195804195804,61.8,3.177777777777778,8.92222222222222,-8.1,-25.740000000000002,88.32999999999998
Drew Lock,QB,SEA,46,61.0,9.7,6.3,-14.0,83.0,0.0,0.0,18.0,0.0,0.0,0.0,0.0,0.0,0.0,0.0,0.0,0.0,61.0,,61.0,0.0,9.7,-11.7,0.0,61.10999999999999
Jalen McMillan,WR,TB,83,67.0,6.5,10.3,1.0,141.0,127.4,127.4,18.0,0.0,0.0,0.0,33.0,0.0,44.0,561.0,4.0,0.0,-60.400000000000006,-47.409733124018835,60.400000000000006,7.077777777777778,-0.5777777777777784,-7.699999999999999,-54.498888888888885,-5.951111111111118
Cedric Tillman,WR,CLE,82,67.0,5.4,12.4,0.0,143.0,6.6,6.6,18.0,0.0,0.0,0.0,0.0,0.0,3.0,36.0,0.0,0.0,60.4,915.1515151515152,60.4,0.36666666666666664,5.033333333333334,-5.6,-2.0533333333333332,62.41333333333335
Josh Downs,WR,IND,59,112.0,8.1,13.9,47.0,183.0,172.3,172.3,18.0,0.0,0.0,0.0,13.0,0.0,70.0,770.0,4.0,0.0,-60.30000000000001,-34.99709808473593,60.30000000000001,9.572222222222223,-1.4722222222222232,-4.1,-39.24611111111111,-20.463888888888903
Luther Burden III,WR,CHI,36,149.0,11.0,13.5,43.0,202.0,209.0,209.0,18.0,0.0,0.0,0.0,61.0,0.0,72.0,889.0,7.0,0.0,-60.0,-28.708133971291865,60.0,11.61111111111111,-0.6111111111111107,-4.5,-52.25,-8.249999999999995
Jahmyr Gibbs,RB,DET,1,391.0,26.9,14.5,248.0,437.0,331.40000000000003,331.4,18.0,0.0,0.0,0.0,1251.0,12.0,63.0,533.0,3.0,1.0,59.599999999999966,17.984308992154485,59.599999999999966,18.41111111111111,8.488888888888887,-3.5,-64.4388888888889,123.08888888888886
Kendrick Bourne,WR,ARI,141,18.0,2.0,9.0,-9.0,90.0,77.4,77.4,18.0,0.0,0.0,0.0,0.0,0.0,31.0,344.0,2.0,0.0,-59.400000000000006,-76.74418604651163,59.400000000000006,4.300000000000001,-2.3000000000000007,-9.0,-38.7,-20.700000000000006
Jahan Dotson,WR,ATL,152,12.0,1.2,9.7,-27.0,105.0,71.2,71.2,18.0,0.0,0.0,0.0,16.0,0.0,26.0,316.0,2.0,0.0,-59.2,-83.14606741573034,59.2,3.9555555555555557,-2.7555555555555555,-8.3,-32.83111111111111,-26.728888888888886
James Cook,RB,BUF,3,320.0,23.1,13.9,203.0,418.0,260.8,260.8,18.0,0.0,0.0,0.0,1270.0,11.0,31.0,268.0,2.0,2.0,59.19999999999999,22.69938650306748,59.19999999999999,14.488888888888889,8.611111111111112,-4.1,-59.40444444444444,119.69444444444447
Ryan Flournoy,WR,DAL,84,63.0,5.1,12.3,0.0,135.0,121.2,121.2,18.0,0.0,0.0,0.0,13.0,0.0,47.0,549.0,3.0,0.0,-58.2,-48.019801980198025,58.2,6.733333333333333,-1.6333333333333337,-5.699999999999999,-38.379999999999995,-20.090000000000007
Nicholas Singleton,RB,TEN,115,6.0,1.2,5.5,-16.0,46.0,63.7,63.7,18.0,0.0,0.0,0.0,270.0,2.0,12.0,87.0,1.0,1.0,-57.7,-90.58084772370488,57.7,3.538888888888889,-2.3388888888888895,-12.5,-44.236111111111114,-12.863888888888892
Riley Patterson,K,MIA,11,118.0,7.7,15.4,88.0,140.0,61.0,61.0,18.0,0.0,0.0,0.0,0.0,0.0,0.0,0.0,0.0,0.0,57.0,93.44262295081968,57.0,3.388888888888889,4.311111111111112,-2.5999999999999996,-8.81111111111111,66.39111111111113
De'Von Achane,RB,MIA,4,314.0,21.5,14.6,193.0,440.0,257.4,257.4,18.0,0.0,0.0,0.0,1168.0,6.0,55.0,416.0,2.0,2.0,56.60000000000002,21.989121989121998,56.60000000000002,14.299999999999999,7.200000000000001,-3.4000000000000004,-48.620000000000005,105.12000000000002
Skyler Bell,WR,BUF,173,7.0,0.8,9.2,-26.0,70.0,63.6,63.6,18.0,0.0,0.0,0.0,5.0,0.0,22.0,291.0,2.0,0.0,-56.6,-88.9937106918239,56.6,3.533333333333333,-2.7333333333333334,-8.8,-31.093333333333334,-25.146666666666665
Terrance Ferguson,TE,LAR,53,44.0,4.8,9.1,0.0,94.0,100.30000000000001,100.3,18.0,0.0,0.0,0.0,0.0,0.0,35.0,413.0,4.0,0.0,-56.30000000000001,-56.13160518444666,56.30000000000001,5.572222222222223,-0.772222222222223,-8.9,-49.59277777777778,-7.027222222222229
Brenton Strange,TE,JAX,24,105.0,8.5,12.4,38.0,169.0,161.0,161.0,18.0,0.0,0.0,0.0,0.0,0.0,63.0,680.0,5.0,0.0,-56.0,-34.78260869565217,56.0,8.944444444444445,-0.44444444444444464,-5.6,-50.08888888888889,-5.511111111111114
Davis Mills,QB,HOU,43,67.0,11.5,5.9,-1.0,88.0,11.04,12.04,18.0,211.0,1.0,1.0,6.0,0.0,0.0,0.0,0.0,0.0,55.96,506.88405797101456,55.96,0.6133333333333333,10.886666666666667,-12.1,-7.421333333333332,64.23133333333334
Greg Dulcich,TE,MIA,43,55.0,5.7,9.7,3.0,103.0,110.9,110.9,18.0,0.0,0.0,0.0,0.0,0.0,47.0,459.0,3.0,0.0,-55.900000000000006,-50.40577096483319,55.900000000000006,6.161111111111111,-0.46111111111111125,-8.3,-51.13722222222223,-4.472777777777779
Harrison Mevis,K,LAR,41,51.0,6.4,8.0,32.0,76.0,106.0,106.0,18.0,0.0,0.0,0.0,0.0,0.0,0.0,0.0,0.0,0.0,-55.0,-51.886792452830186,55.0,5.888888888888889,0.5111111111111111,-10.0,-58.88888888888889,4.088888888888889
Jake Moody,K,WAS,37,89.0,7.2,12.4,70.0,119.0,34.0,34.0,18.0,0.0,0.0,0.0,0.0,0.0,0.0,0.0,0.0,0.0,55.0,161.76470588235296,55.0,1.8888888888888888,5.311111111111112,-5.6,-10.577777777777778,65.85777777777778
Elijah Sarratt,WR,BAL,174,7.0,1.3,5.9,-15.0,59.0,61.4,61.4,18.0,0.0,0.0,0.0,4.0,0.0,22.0,270.0,2.0,0.0,-54.4,-88.59934853420195,54.4,3.411111111111111,-2.1111111111111107,-12.1,-41.27444444444444,-12.455555555555554
Garrett Wilson,WR,NYJ,22,171.0,13.7,12.4,114.0,238.0,224.9,224.9,18.0,0.0,0.0,0.0,16.0,0.0,83.0,1043.0,6.0,0.0,-53.900000000000006,-23.966207203201424,53.900000000000006,12.494444444444445,1.205555555555554,-5.6,-69.96888888888888,14.948888888888868
Rashod Bateman,WR,BAL,103,49.0,4.0,12.2,11.0,145.0,102.30000000000001,102.3,18.0,0.0,0.0,0.0,0.0,0.0,36.0,483.0,3.0,0.0,-53.30000000000001,-52.10166177908114,53.30000000000001,5.683333333333334,-1.6833333333333336,-5.800000000000001,-32.96333333333334,-20.53666666666667
Justin Fields,QB,KC,37,86.0,10.8,7.9,3.0,138.0,32.72,34.72,18.0,363.0,2.0,2.0,102.0,1.0,0.0,0.0,0.0,1.0,53.28,162.83618581907092,53.28,1.8177777777777777,8.982222222222223,-10.1,-18.359555555555556,70.95955555555557
Aaron Jones,RB,MIN,46,84.0,7.4,11.4,33.0,162.0,137.10000000000002,137.1,18.0,0.0,0.0,0.0,563.0,3.0,34.0,248.0,1.0,1.0,-53.10000000000002,-38.73085339168491,53.10000000000002,7.616666666666668,-0.21666666666666767,-6.6,-50.27,-2.4700000000000117
Alec Pierce,WR,IND,50,125.0,10.1,12.3,73.0,175.0,177.9,177.9,18.0,0.0,0.0,0.0,7.0,0.0,54.0,872.0,6.0,0.0,-52.900000000000006,-29.735806632939855,52.900000000000006,9.883333333333333,0.21666666666666679,-5.699999999999999,-56.334999999999994,2.665000000000002
Joe Royer,TE,CLE,104,5.0,1.1,4.7,-2.0,24.0,57.8,57.8,18.0,0.0,0.0,0.0,0.0,0.0,23.0,228.0,2.0,0.0,-52.8,-91.34948096885813,52.8,3.211111111111111,-2.1111111111111107,-13.3,-42.70777777777778,-9.92222222222222
Devaughn Vele,WR,NO,91,58.0,6.0,9.8,0.0,112.0,110.6,110.6,18.0,0.0,0.0,0.0,10.0,0.0,42.0,496.0,3.0,0.0,-52.599999999999994,-47.55877034358047,52.599999999999994,6.144444444444444,-0.14444444444444393,-8.2,-50.38444444444443,-1.4155555555555506
Carson Wentz,QB,MIN,45,64.0,11.1,5.7,1.0,100.0,11.44,12.44,18.0,221.0,1.0,1.0,6.0,0.0,0.0,0.0,0.0,0.0,52.56,459.4405594405595,52.56,0.6355555555555555,10.464444444444444,-12.3,-7.817333333333334,59.647333333333336
Gunnar Helm,TE,TEN,30,78.0,6.2,12.6,35.0,126.0,130.3,130.3,18.0,0.0,0.0,0.0,0.0,0.0,57.0,553.0,3.0,0.0,-52.30000000000001,-40.13814274750576,52.30000000000001,7.23888888888889,-1.0388888888888896,-5.4,-39.09000000000001,-13.090000000000009
Rachaad White,RB,WAS,50,76.0,6.1,12.5,2.0,178.0,128.10000000000002,128.1,18.0,0.0,0.0,0.0,468.0,3.0,34.0,253.0,1.0,1.0,-52.10000000000002,-40.67135050741609,52.10000000000002,7.116666666666668,-1.0166666666666684,-5.5,-39.14166666666667,-12.708333333333355
Michael Pittman,WR,PIT,54,119.0,9.6,12.4,56.0,180.0,170.9,170.9,18.0,0.0,0.0,0.0,7.0,0.0,69.0,772.0,4.0,0.0,-51.900000000000006,-30.36863662960796,51.900000000000006,9.494444444444445,0.10555555555555429,-5.6,-53.168888888888894,1.3088888888888732
Travis Etienne,RB,NO,23,156.0,12.8,12.2,78.0,218.0,207.7,207.7,18.0,0.0,0.0,0.0,950.0,6.0,36.0,287.0,2.0,1.0,-51.69999999999999,-24.891670678863743,51.69999999999999,11.538888888888888,1.2611111111111128,-5.800000000000001,-66.92555555555556,15.385555555555575
Zay Flowers,WR,BAL,20,177.0,13.2,13.4,145.0,237.0,228.20000000000002,228.2,18.0,0.0,0.0,0.0,29.0,0.0,81.0,1103.0,6.0,1.0,-51.20000000000002,-22.436459246275202,51.20000000000002,12.677777777777779,0.5222222222222204,-4.6,-58.31777777777778,6.9977777777777534
DeVonta Smith,WR,PHI,18,178.0,13.4,13.3,119.0,228.0,229.2,229.2,18.0,0.0,0.0,0.0,6.0,0.0,80.0,1066.0,7.0,0.0,-51.19999999999999,-22.33856893542757,51.19999999999999,12.733333333333333,0.6666666666666679,-4.699999999999999,-59.84666666666666,8.866666666666683
Sam Darnold,QB,SEA,20,200.0,15.4,13.0,151.0,282.0,250.74,262.74,18.0,3676.0,26.0,12.0,157.0,2.0,0.0,0.0,0.0,3.0,-50.74000000000001,-20.23610114062376,50.74000000000001,13.93,1.4700000000000006,-5.0,-69.65,19.110000000000007
Jack Endries,TE,CIN,112,3.0,0.8,4.1,-1.0,23.0,53.3,53.3,18.0,0.0,0.0,0.0,0.0,0.0,21.0,203.0,2.0,0.0,-50.3,-94.37148217636022,50.3,2.961111111111111,-2.1611111111111105,-13.9,-41.15944444444444,-8.860555555555553
Jadarian Price,RB,SEA,30,126.0,10.8,11.7,29.0,172.0,176.0,170.0,18.0,0.0,0.0,0.0,912.0,7.0,19.0,138.0,1.0,1.0,-50.0,-28.40909090909091,50.0,9.777777777777779,1.0222222222222221,-6.300000000000001,-61.60000000000001,11.959999999999999
Jordyn Tyson,WR,NO,30,160.0,13.7,11.7,48.0,232.0,111.0,111.0,18.0,0.0,0.0,0.0,6.0,0.0,41.0,514.0,3.0,0.0,49.0,44.14414414414414,49.0,6.166666666666667,7.533333333333332,-6.300000000000001,-38.85000000000001,88.13999999999999
Xavier Legette,WR,CAR,58,115.0,8.5,13.6,19.0,176.0,66.0,66.0,18.0,0.0,0.0,0.0,10.0,0.0,24.0,290.0,2.0,0.0,49.0,74.24242424242425,49.0,3.6666666666666665,4.833333333333334,-4.4,-16.133333333333333,65.73333333333333
Tory Horton,WR,SEA,108,44.0,4.0,10.9,0.0,140.0,92.0,92.0,18.0,0.0,0.0,0.0,9.0,0.0,31.0,421.0,3.0,0.0,-48.0,-52.17391304347826,48.0,5.111111111111111,-1.1111111111111107,-7.1,-36.288888888888884,-12.111111111111107
Rome Odunze,WR,CHI,29,160.0,11.9,13.4,112.0,244.0,207.9,207.9,18.0,0.0,0.0,0.0,6.0,0.0,68.0,973.0,7.0,0.0,-47.900000000000006,-23.039923039923043,47.900000000000006,11.55,0.34999999999999964,-4.6,-53.13,4.689999999999995
Jaydon Blue,RB,DAL,109,9.0,1.5,6.1,-17.0,45.0,56.60000000000001,56.6,18.0,0.0,0.0,0.0,289.0,2.0,9.0,67.0,0.0,0.0,-47.60000000000001,-84.09893992932862,47.60000000000001,3.144444444444445,-1.6444444444444448,-11.9,-37.418888888888894,-10.031111111111112
Malachi Fields,WR,NYG,93,58.0,6.0,9.6,0.0,118.0,105.2,105.2,18.0,0.0,0.0,0.0,7.0,0.0,38.0,485.0,3.0,0.0,-47.2,-44.866920152091254,47.2,5.844444444444445,0.155555555555555,-8.4,-49.09333333333334,1.493333333333328
Greg Dortch,WR,DET,192,1.0,0.2,7.4,-21.0,57.0,48.1,48.1,18.0,0.0,0.0,0.0,16.0,0.0,21.0,215.0,1.0,1.0,-47.1,-97.92099792099792,47.1,2.6722222222222225,-2.4722222222222223,-10.6,-28.325555555555557,-18.294444444444444
Chris Brooks,RB,GB,106,10.0,1.0,10.4,-29.0,62.0,56.3,56.3,18.0,0.0,0.0,0.0,203.0,2.0,14.0,100.0,0.0,0.0,-46.3,-82.2380106571936,46.3,3.1277777777777778,-2.1277777777777778,-7.6,-23.77111111111111,-22.12888888888889
Ladd McConkey,WR,LAC,17,182.0,13.4,13.6,126.0,204.0,228.2,228.2,18.0,0.0,0.0,0.0,12.0,0.0,81.0,1040.0,7.0,0.0,-46.19999999999999,-20.245398773006134,46.19999999999999,12.677777777777777,0.7222222222222232,-4.4,-55.782222222222224,9.822222222222235
Justin Joly,TE,DEN,84,12.0,1.8,6.5,-2.0,51.0,58.0,58.0,18.0,0.0,0.0,0.0,0.0,0.0,23.0,230.0,2.0,0.0,-46.0,-79.3103448275862,46.0,3.2222222222222223,-1.4222222222222223,-11.5,-37.05555555555556,-9.244444444444445
Makai Lemon,WR,PHI,51,123.0,10.4,11.7,42.0,168.0,168.5,168.5,18.0,0.0,0.0,0.0,10.0,0.0,60.0,775.0,5.0,0.0,-45.5,-27.002967359050444,45.5,9.36111111111111,1.0388888888888896,-6.300000000000001,-58.975,12.155000000000008
Braelon Allen,RB,NYJ,111,7.0,1.1,6.4,-18.0,59.0,52.199999999999996,52.2,18.0,0.0,0.0,0.0,233.0,2.0,10.0,69.0,0.0,0.0,-45.199999999999996,-86.59003831417624,45.199999999999996,2.9,-1.7999999999999998,-11.6,-33.64,-11.52
Cameron Dicker,K,LAC,1,151.0,9.5,15.8,106.0,173.0,106.0,106.0,18.0,0.0,0.0,0.0,0.0,0.0,0.0,0.0,0.0,0.0,45.0,42.45283018867924,45.0,5.888888888888889,3.6111111111111107,-2.1999999999999993,-12.955555555555552,57.05555555555555
Nico Collins,WR,HOU,9,217.0,16.6,13.1,142.0,302.0,262.0,262.0,18.0,0.0,0.0,0.0,18.0,0.0,84.0,1262.0,8.0,0.0,-45.0,-17.17557251908397,45.0,14.555555555555555,2.044444444444446,-4.9,-71.32222222222222,26.78222222222224
Chuba Hubbard,RB,CAR,40,103.0,8.4,12.4,36.0,179.0,147.90000000000003,147.9,18.0,0.0,0.0,0.0,766.0,5.0,22.0,153.0,1.0,1.0,-44.900000000000034,-30.358350236646398,44.900000000000034,8.216666666666669,0.1833333333333318,-5.6,-46.01333333333334,2.2733333333333143
Malik Nabers,WR,NYG,14,192.0,14.8,12.9,78.0,276.0,236.7,236.7,18.0,0.0,0.0,0.0,17.0,0.0,86.0,1110.0,6.0,0.0,-44.69999999999999,-18.884664131812418,44.69999999999999,13.149999999999999,1.6500000000000021,-5.1,-67.06499999999998,21.28500000000003
Tyrell Shavers,WR,BUF,105,48.0,4.7,10.3,0.0,115.0,4.0,4.0,18.0,0.0,0.0,0.0,1.0,0.0,2.0,19.0,0.0,0.0,44.0,1100.0,44.0,0.2222222222222222,4.477777777777778,-7.699999999999999,-1.7111111111111108,46.12111111111111
Jared Goff,QB,DET,3,317.0,20.4,15.5,244.0,420.0,273.46,283.46,18.0,4104.0,30.0,10.0,53.0,1.0,0.0,0.0,0.0,3.0,43.54000000000002,15.921889855920435,43.54000000000002,15.19222222222222,5.207777777777778,-2.5,-37.980555555555554,80.72055555555556
Spencer Rattler,QB,NO,47,55.0,8.3,6.5,-14.0,103.0,11.68,12.68,18.0,202.0,1.0,1.0,16.0,0.0,0.0,0.0,0.0,0.0,43.32,370.8904109589041,43.32,0.6488888888888888,7.651111111111112,-11.5,-7.462222222222222,49.73222222222223
LeQuint Allen Jr.,RB,JAX,99,13.0,1.1,11.7,-33.0,71.0,56.2,56.2,18.0,0.0,0.0,0.0,135.0,1.0,18.0,127.0,1.0,0.0,-43.2,-76.86832740213522,43.2,3.1222222222222222,-2.022222222222222,-6.300000000000001,-19.67,-23.659999999999997
Albert Okwuegbunam,TE,LV,54,43.0,5.1,8.4,0.0,100.0,0.0,0.0,18.0,0.0,0.0,0.0,0.0,0.0,0.0,0.0,0.0,0.0,43.0,,43.0,0.0,5.1,-9.6,0.0,42.839999999999996
Kaytron Allen,RB,WAS,130,3.0,0.5,5.8,-16.0,53.0,45.9,45.9,18.0,0.0,0.0,0.0,220.0,2.0,8.0,59.0,0.0,1.0,-42.9,-93.4640522875817,42.9,2.55,-2.05,-12.2,-31.109999999999996,-11.889999999999999
Michael Carter,RB,TEN,58,51.0,4.2,11.9,0.0,149.0,8.100000000000001,8.1,18.0,0.0,0.0,0.0,29.0,0.0,3.0,22.0,0.0,0.0,42.9,529.6296296296294,42.9,0.45000000000000007,3.75,-6.1,-2.745,44.625
Blake Corum,RB,LAR,43,93.0,7.8,11.9,0.0,162.0,135.3,135.3,18.0,0.0,0.0,0.0,757.0,6.0,15.0,106.0,0.0,1.0,-42.30000000000001,-31.26385809312639,42.30000000000001,7.5166666666666675,0.2833333333333323,-6.1,-45.85166666666667,3.3716666666666546
Emmett Johnson,RB,KC,89,23.0,2.6,8.9,-25.0,90.0,65.2,65.2,18.0,0.0,0.0,0.0,286.0,2.0,12.0,86.0,1.0,1.0,-42.2,-64.7239263803681,42.2,3.6222222222222222,-1.0222222222222221,-9.1,-32.96222222222222,-9.097777777777777
Kayshon Boutte,WR,NE,75,83.0,6.9,12.1,9.0,152.0,125.2,125.2,18.0,0.0,0.0,0.0,0.0,0.0,41.0,602.0,4.0,0.0,-42.2,-33.70607028753994,42.2,6.955555555555556,-0.05555555555555536,-5.9,-41.037777777777784,-0.6722222222222198
Jacoby Brissett,QB,ARI,30,111.0,11.5,9.6,19.0,162.0,153.0,160.0,18.0,2400.0,15.0,7.0,110.0,1.0,0.0,0.0,0.0,3.0,-42.0,-27.450980392156865,42.0,8.5,3.0,-8.4,-71.4,28.799999999999997
Olamide Zaccheaus,WR,ATL,116,34.0,3.2,10.7,0.0,106.0,75.8,75.8,18.0,0.0,0.0,0.0,12.0,0.0,30.0,326.0,2.0,0.0,-41.8,-55.145118733509236,41.8,4.211111111111111,-1.011111111111111,-7.300000000000001,-30.741111111111117,-10.818888888888887
Patrick Mahomes,QB,KC,4,316.0,21.5,14.7,230.0,397.0,274.68,286.68,18.0,3962.0,29.0,12.0,202.0,1.0,0.0,0.0,0.0,2.0,41.31999999999999,15.042959079656324,41.31999999999999,15.26,6.24,-3.3000000000000007,-50.35800000000001,91.728
Rashee Rice,WR,KC,15,188.0,15.9,11.9,86.0,306.0,229.3,229.3,18.0,0.0,0.0,0.0,29.0,0.0,88.0,964.0,7.0,1.0,-41.30000000000001,-18.01133885739207,41.30000000000001,12.738888888888889,3.1611111111111114,-6.1,-77.70722222222221,37.617222222222225
Bucky Irving,RB,TB,24,156.0,13.5,11.5,84.0,243.0,197.29999999999998,197.3,18.0,0.0,0.0,0.0,902.0,6.0,36.0,271.0,2.0,2.0,-41.29999999999998,-20.93258996452103,41.29999999999998,10.96111111111111,2.5388888888888896,-6.5,-71.24722222222222,29.19722222222223
Elic Ayomanor,WR,TEN,67,97.0,7.2,13.5,5.0,173.0,56.7,56.7,18.0,0.0,0.0,0.0,0.0,0.0,20.0,247.0,2.0,0.0,40.3,71.0758377425044,40.3,3.1500000000000004,4.05,-4.5,-14.175,54.675
Chris Bell,WR,MIA,125,27.0,3.7,7.3,-19.0,87.0,67.2,67.2,18.0,0.0,0.0,0.0,3.0,0.0,25.0,299.0,2.0,0.0,-40.2,-59.82142857142857,40.2,3.7333333333333334,-0.033333333333333215,-10.7,-39.946666666666665,-0.24333333333333246
Marvin Harrison Jr.,WR,ARI,39,146.0,12.2,12.0,79.0,191.0,186.2,186.2,18.0,0.0,0.0,0.0,0.0,0.0,62.0,882.0,6.0,0.0,-40.19999999999999,-21.589688506981737,40.19999999999999,10.344444444444443,1.855555555555556,-6.0,-62.06666666666666,22.266666666666673
Samaje Perine,RB,CIN,78,30.0,2.7,10.8,0.0,88.0,69.8,69.8,18.0,0.0,0.0,0.0,275.0,2.0,14.0,103.0,1.0,0.0,-39.8,-57.02005730659025,39.8,3.8777777777777778,-1.1777777777777776,-7.199999999999999,-27.919999999999998,-12.719999999999999
Kenyon Sadiq,TE,NYJ,12,140.0,10.7,13.1,52.0,192.0,100.2,100.2,18.0,0.0,0.0,0.0,7.0,0.0,40.0,415.0,3.0,0.0,39.8,39.72055888223552,39.8,5.566666666666666,5.133333333333333,-4.9,-27.276666666666667,67.24666666666666
Caleb Douglas,WR,MIA,97,56.0,5.7,9.7,0.0,127.0,94.80000000000001,94.8,18.0,0.0,0.0,0.0,0.0,0.0,34.0,428.0,3.0,0.0,-38.80000000000001,-40.9282700421941,38.80000000000001,5.2666666666666675,0.4333333333333327,-8.3,-43.713333333333345,4.203333333333327
CeeDee Lamb,WR,DAL,5,232.0,17.5,13.3,171.0,342.0,270.5,270.5,18.0,0.0,0.0,0.0,16.0,0.0,96.0,1249.0,8.0,1.0,-38.5,-14.232902033271719,38.5,15.027777777777779,2.4722222222222214,-4.699999999999999,-70.63055555555555,32.880555555555546
Ray Davis,RB,BUF,82,27.0,2.1,12.9,0.0,107.0,65.1,65.1,18.0,0.0,0.0,0.0,313.0,3.0,9.0,68.0,0.0,0.0,-38.099999999999994,-58.52534562211981,38.099999999999994,3.6166666666666663,-1.5166666666666662,-5.1,-18.444999999999997,-19.564999999999994
Trey Benson,RB,ARI,53,65.0,6.2,10.4,0.0,137.0,27.2,27.2,18.0,0.0,0.0,0.0,120.0,1.0,3.0,22.0,1.0,1.0,37.8,138.97058823529412,37.8,1.511111111111111,4.688888888888889,-7.6,-11.484444444444444,48.76444444444445
Ollie Gordon II,RB,MIA,54,61.0,4.5,13.6,0.0,137.0,23.2,23.2,18.0,0.0,0.0,0.0,120.0,1.0,3.0,22.0,0.0,0.0,37.8,162.9310344827586,37.8,1.2888888888888888,3.2111111111111112,-4.4,-5.671111111111111,43.67111111111111
Kenny Gainwell,RB,TB,35,115.0,9.5,12.1,65.0,175.0,152.3,152.3,18.0,0.0,0.0,0.0,418.0,3.0,47.0,355.0,2.0,1.0,-37.30000000000001,-24.491135915955358,37.30000000000001,8.461111111111112,1.0388888888888879,-5.9,-49.920555555555566,12.570555555555543
Colston Loveland,TE,CHI,6,179.0,12.8,14.0,90.0,246.0,215.4,215.4,18.0,0.0,0.0,0.0,4.0,0.0,84.0,950.0,6.0,0.0,-36.400000000000006,-16.89879294336119,36.400000000000006,11.966666666666667,0.8333333333333339,-4.0,-47.86666666666667,11.666666666666675
Tucker Kraft,TE,GB,13,138.0,11.5,12.0,99.0,207.0,174.4,174.4,18.0,0.0,0.0,0.0,0.0,0.0,67.0,774.0,5.0,0.0,-36.400000000000006,-20.871559633027527,36.400000000000006,9.68888888888889,1.81111111111111,-6.0,-58.13333333333334,21.73333333333332
Colby Parkinson,TE,LAR,58,40.0,4.1,9.8,0.0,99.0,76.3,76.3,18.0,0.0,0.0,0.0,0.0,0.0,29.0,293.0,3.0,0.0,-36.3,-47.575360419397114,36.3,4.238888888888889,-0.13888888888888928,-8.2,-34.75888888888888,-1.3611111111111152
Woody Marks,RB,HOU,32,120.0,8.9,13.4,30.0,214.0,83.8,83.8,18.0,0.0,0.0,0.0,351.0,2.0,19.0,137.0,1.0,1.0,36.2,43.19809069212411,36.2,4.655555555555555,4.244444444444445,-4.6,-21.415555555555553,56.87555555555557
Zane Gonzalez,K,MIA,39,72.0,7.7,9.4,49.0,88.0,36.0,36.0,18.0,0.0,0.0,0.0,0.0,0.0,0.0,0.0,0.0,0.0,36.0,100.0,36.0,2.0,5.7,-8.6,-17.2,53.580000000000005
Khalil Shakir,WR,BUF,43,135.0,10.2,13.2,56.0,185.0,170.7,170.7,18.0,0.0,0.0,0.0,10.0,0.0,71.0,747.0,4.0,0.0,-35.69999999999999,-20.91388400702987,35.69999999999999,9.483333333333333,0.7166666666666668,-4.800000000000001,-45.52,9.46
Brian Thomas Jr.,WR,JAX,28,160.0,11.9,13.4,80.0,219.0,195.4,195.4,18.0,0.0,0.0,0.0,17.0,0.0,62.0,897.0,7.0,0.0,-35.400000000000006,-18.116683725690894,35.400000000000006,10.855555555555556,1.0444444444444443,-4.6,-49.93555555555555,13.995555555555553
Bo Nix,QB,DEN,2,319.0,22.0,14.5,230.0,402.0,283.72,295.72,18.0,3768.0,26.0,12.0,330.0,4.0,0.0,0.0,0.0,3.0,35.27999999999997,12.434794868179885,35.27999999999997,15.762222222222224,6.237777777777776,-3.5,-55.167777777777786,90.44777777777774
Mike Gesicki,TE,CIN,33,70.0,5.8,12.0,30.0,138.0,104.9,104.9,18.0,0.0,0.0,0.0,0.0,0.0,42.0,449.0,3.0,0.0,-34.900000000000006,-33.269780743565306,34.900000000000006,5.827777777777778,-0.027777777777778567,-6.0,-34.96666666666667,-0.3333333333333428
Jonah Coleman,RB,DEN,80,29.0,3.2,9.0,-25.0,97.0,63.900000000000006,63.9,18.0,0.0,0.0,0.0,304.0,2.0,10.0,75.0,1.0,1.0,-34.900000000000006,-54.61658841940532,34.900000000000006,3.5500000000000003,-0.3500000000000001,-9.0,-31.950000000000003,-3.150000000000001
Isaiah Bond,WR,CLE,123,28.0,2.5,11.4,0.0,84.0,62.8,62.8,18.0,0.0,0.0,0.0,19.0,0.0,22.0,269.0,2.0,0.0,-34.8,-55.4140127388535,34.8,3.488888888888889,-0.9888888888888889,-6.6,-23.026666666666667,-11.273333333333333
Rasheen Ali,RB,BAL,123,4.0,0.4,9.3,-26.0,30.0,38.7,38.7,18.0,0.0,0.0,0.0,120.0,1.0,12.0,87.0,0.0,0.0,-34.7,-89.66408268733849,34.7,2.1500000000000004,-1.7500000000000004,-8.7,-18.705000000000002,-16.275000000000006
KaVontae Turpin,WR,DAL,109,43.0,3.7,11.8,0.0,102.0,77.5,71.5,18.0,0.0,0.0,0.0,77.0,1.0,21.0,268.0,2.0,1.0,-34.5,-44.516129032258064,34.5,4.305555555555555,-0.6055555555555552,-6.199999999999999,-26.69444444444444,-7.145555555555552
KeAndre Lambert-Smith,WR,LAC,194,1.0,0.1,10.1,-28.0,68.0,35.5,35.5,18.0,0.0,0.0,0.0,6.0,0.0,13.0,159.0,1.0,0.0,-34.5,-97.1830985915493,34.5,1.9722222222222223,-1.8722222222222222,-7.9,-15.580555555555557,-18.909444444444443
Jerry Jeudy,WR,CLE,33,154.0,10.5,14.6,34.0,223.0,119.6,119.6,18.0,0.0,0.0,0.0,5.0,0.0,43.0,581.0,3.0,0.0,34.400000000000006,28.762541806020074,34.400000000000006,6.644444444444444,3.855555555555556,-3.4000000000000004,-22.59111111111111,56.291111111111114
Chad Ryland,K,ARI,9,123.0,7.8,15.6,101.0,138.0,89.0,89.0,18.0,0.0,0.0,0.0,0.0,0.0,0.0,0.0,0.0,0.0,34.0,38.20224719101123,34.0,4.944444444444445,2.855555555555555,-2.4000000000000004,-11.866666666666669,44.54666666666666
Konata Mumpfield,WR,LAR,166,8.0,1.3,6.0,-17.0,39.0,41.7,41.7,18.0,0.0,0.0,0.0,0.0,0.0,16.0,197.0,1.0,0.0,-33.7,-80.81534772182253,33.7,2.316666666666667,-1.0166666666666668,-12.0,-27.800000000000004,-6.100000000000001
Luke McCaffrey,WR,WAS,110,43.0,4.2,10.2,-2.0,108.0,9.3,9.3,18.0,0.0,0.0,0.0,0.0,0.0,4.0,53.0,0.0,0.0,33.7,362.36559139784947,33.7,0.5166666666666667,3.6833333333333336,-7.800000000000001,-4.030000000000001,37.57
Pat Freiermuth,TE,PIT,28,95.0,7.6,12.6,45.0,150.0,128.4,128.4,18.0,0.0,0.0,0.0,0.0,0.0,51.0,534.0,4.0,0.0,-33.400000000000006,-26.012461059190034,33.400000000000006,7.133333333333334,0.4666666666666659,-5.4,-38.52,5.87999999999999
Jakobi Meyers,WR,JAX,42,136.0,11.7,11.7,51.0,179.0,169.3,169.3,18.0,0.0,0.0,0.0,21.0,0.0,64.0,732.0,5.0,0.0,-33.30000000000001,-19.669226225634972,33.30000000000001,9.405555555555557,2.2944444444444425,-6.300000000000001,-59.25500000000002,26.844999999999974
Andrei Iosivas,WR,CIN,90,58.0,4.9,11.9,1.0,128.0,91.30000000000001,91.3,18.0,0.0,0.0,0.0,10.0,0.0,32.0,403.0,3.0,0.0,-33.30000000000001,-36.47316538882805,33.30000000000001,5.072222222222223,-0.1722222222222225,-6.1,-30.94055555555556,-2.0494444444444477
CJ Daniels,WR,LAR,176,6.0,1.2,5.6,-15.0,46.0,39.3,39.3,18.0,0.0,0.0,0.0,6.0,0.0,15.0,177.0,1.0,0.0,-33.3,-84.7328244274809,33.3,2.183333333333333,-0.9833333333333332,-12.4,-27.07333333333333,-5.506666666666665
Michael Trigg,TE,DAL,118,1.0,0.3,3.6,-1.0,21.0,33.8,33.8,18.0,0.0,0.0,0.0,0.0,0.0,14.0,138.0,1.0,0.0,-32.8,-97.0414201183432,32.8,1.8777777777777775,-1.5777777777777775,-14.4,-27.039999999999996,-5.679999999999999
Dontayvion Wicks,WR,PHI,112,38.0,3.6,10.5,0.0,115.0,70.4,70.4,18.0,0.0,0.0,0.0,8.0,0.0,26.0,316.0,2.0,0.0,-32.400000000000006,-46.02272727272727,32.400000000000006,3.9111111111111114,-0.31111111111111134,-7.5,-29.333333333333336,-3.2666666666666693
Dillon Gabriel,QB,CLE,49,43.0,4.2,10.3,-22.0,138.0,10.860000000000001,11.86,18.0,189.0,1.0,1.0,13.0,0.0,0.0,0.0,0.0,0.0,32.14,295.94843462246774,32.14,0.6033333333333334,3.5966666666666667,-7.699999999999999,-4.645666666666667,37.04566666666667
Jake Elliott,K,PHI,10,122.0,7.7,15.8,100.0,138.0,90.0,90.0,18.0,0.0,0.0,0.0,0.0,0.0,0.0,0.0,0.0,0.0,32.0,35.55555555555556,32.0,5.0,2.7,-2.1999999999999993,-10.999999999999996,42.660000000000004
NE DST,DST,NE,32,76.0,4.8,16.0,57.0,138.0,108.0,92.0,1.0,0.0,0.0,0.0,0.0,0.0,0.0,0.0,0.0,0.0,-32.0,-29.629629629629626,32.0,108.0,-103.2,15.0,1620.0,-1651.2
Will Reichard,K,MIN,2,140.0,8.8,15.9,102.0,152.0,109.0,109.0,18.0,0.0,0.0,0.0,0.0,0.0,0.0,0.0,0.0,0.0,31.0,28.440366972477065,31.0,6.055555555555555,2.7444444444444454,-2.0999999999999996,-12.716666666666663,43.636666666666684
Will Shipley,RB,PHI,129,3.0,0.3,11.4,-32.0,44.0,33.8,33.8,18.0,0.0,0.0,0.0,105.0,1.0,10.0,73.0,0.0,0.0,-30.799999999999997,-91.12426035502959,30.799999999999997,1.8777777777777775,-1.5777777777777775,-6.6,-12.39333333333333,-17.986666666666665
Denzel Boston,WR,CLE,61,104.0,10.1,10.3,12.0,139.0,134.7,134.7,18.0,0.0,0.0,0.0,13.0,0.0,53.0,624.0,3.0,0.0,-30.69999999999999,-22.791388270230133,30.69999999999999,7.4833333333333325,2.616666666666667,-7.699999999999999,-57.621666666666655,26.951666666666675
Emanuel Wilson,RB,SEA,84,26.0,2.6,9.9,-28.0,97.0,56.50000000000001,56.5,18.0,0.0,0.0,0.0,249.0,2.0,11.0,86.0,0.0,0.0,-30.500000000000007,-53.982300884955755,30.500000000000007,3.1388888888888893,-0.5388888888888892,-8.1,-25.425,-5.3350000000000035
Adonai Mitchell,WR,NYJ,81,68.0,5.7,11.9,0.0,142.0,98.30000000000001,98.3,18.0,0.0,0.0,0.0,10.0,0.0,35.0,443.0,3.0,0.0,-30.30000000000001,-30.824008138351992,30.30000000000001,5.461111111111112,0.23888888888888804,-6.1,-33.31277777777778,2.842777777777768
Evan Engram,TE,DEN,25,101.0,7.8,13.0,34.0,163.0,70.7,70.7,18.0,0.0,0.0,0.0,0.0,0.0,31.0,277.0,2.0,0.0,30.299999999999997,42.85714285714285,30.299999999999997,3.927777777777778,3.872222222222222,-5.0,-19.63888888888889,50.33888888888888
Keon Coleman,WR,BUF,57,116.0,9.4,12.3,33.0,175.0,85.8,85.8,18.0,0.0,0.0,0.0,13.0,0.0,29.0,375.0,3.0,0.0,30.200000000000003,35.198135198135205,30.200000000000003,4.766666666666667,4.633333333333334,-5.699999999999999,-27.169999999999995,56.99000000000001
Jelani Woods,TE,NYJ,68,30.0,3.0,10.2,-4.0,68.0,0.0,0.0,18.0,0.0,0.0,0.0,0.0,0.0,0.0,0.0,0.0,0.0,30.0,,30.0,0.0,3.0,-7.800000000000001,0.0,30.599999999999998
Kirk Cousins,QB,LV,44,66.0,10.0,6.5,-4.0,107.0,36.160000000000004,39.16,18.0,639.0,5.0,3.0,6.0,0.0,0.0,0.0,0.0,2.0,29.839999999999996,82.52212389380529,29.839999999999996,2.008888888888889,7.9911111111111115,-11.5,-23.102222222222224,51.94222222222223
Jeremiyah Love,RB,ARI,19,182.0,15.7,11.6,52.0,230.0,211.79999999999998,211.8,18.0,0.0,0.0,0.0,897.0,5.0,47.0,351.0,2.0,1.0,-29.799999999999983,-14.06987724268177,29.799999999999983,11.766666666666666,3.9333333333333336,-6.4,-75.30666666666666,45.626666666666665
Marlin Klein,TE,HOU,41,59.0,6.3,9.4,4.0,114.0,29.5,29.5,18.0,0.0,0.0,0.0,0.0,0.0,12.0,115.0,1.0,0.0,29.5,100.0,29.5,1.6388888888888888,4.661111111111111,-8.6,-14.094444444444443,43.81444444444445
Ashton Jeanty,RB,LV,6,263.0,17.3,15.2,152.0,441.0,233.9,233.9,18.0,0.0,0.0,0.0,1048.0,7.0,45.0,341.0,2.0,2.0,29.099999999999994,12.441214194100041,29.099999999999994,12.994444444444445,4.305555555555555,-2.8000000000000007,-36.384444444444455,65.44444444444444
Kyren Williams,RB,LAR,21,179.0,14.3,12.5,65.0,289.0,208.00000000000003,208.0,18.0,0.0,0.0,0.0,981.0,8.0,32.0,219.0,2.0,2.0,-29.00000000000003,-13.942307692307704,29.00000000000003,11.555555555555557,2.7444444444444436,-5.5,-63.555555555555564,34.30555555555554
Jalen Royals,WR,KC,178,5.0,0.6,8.0,-22.0,53.0,33.9,33.9,18.0,0.0,0.0,0.0,6.0,0.0,13.0,143.0,1.0,0.0,-28.9,-85.25073746312685,28.9,1.8833333333333333,-1.2833333333333332,-10.0,-18.833333333333332,-10.266666666666666
J'Mari Taylor,RB,JAX,135,2.0,0.5,4.6,-13.0,38.0,30.7,30.7,18.0,0.0,0.0,0.0,160.0,1.0,5.0,37.0,0.0,0.0,-28.7,-93.48534201954396,28.7,1.7055555555555555,-1.2055555555555555,-13.4,-22.854444444444443,-5.545555555555555
Zachariah Branch,WR,ATL,96,56.0,5.0,11.1,0.0,135.0,84.5,78.5,18.0,0.0,0.0,0.0,0.0,0.0,30.0,365.0,2.0,0.0,-28.5,-33.72781065088758,28.5,4.694444444444445,0.30555555555555536,-6.9,-32.39166666666667,3.3916666666666644
Zavion Thomas,WR,CHI,122,29.0,3.1,9.3,-14.0,108.0,57.2,57.2,18.0,0.0,0.0,0.0,0.0,0.0,20.0,252.0,2.0,0.0,-28.200000000000003,-49.3006993006993,28.200000000000003,3.177777777777778,-0.07777777777777795,-8.7,-27.64666666666667,-0.7233333333333349
J.K. Dobbins,RB,DEN,26,132.0,12.6,10.5,39.0,170.0,160.2,160.2,18.0,0.0,0.0,0.0,732.0,6.0,26.0,190.0,1.0,0.0,-28.19999999999999,-17.602996254681642,28.19999999999999,8.899999999999999,3.700000000000001,-7.5,-66.74999999999999,38.85000000000001
Jake Bates,K,DET,4,133.0,8.5,15.6,106.0,147.0,105.0,105.0,18.0,0.0,0.0,0.0,0.0,0.0,0.0,0.0,0.0,0.0,28.0,26.666666666666668,28.0,5.833333333333333,2.666666666666667,-2.4000000000000004,-14.000000000000002,41.6
Mason Taylor,TE,NYJ,19,124.0,9.8,12.6,47.0,163.0,96.4,96.4,18.0,0.0,0.0,0.0,0.0,0.0,40.0,384.0,3.0,0.0,27.599999999999994,28.630705394190866,27.599999999999994,5.355555555555556,4.444444444444445,-5.4,-28.920000000000005,56.0
Trevor Lawrence,QB,JAX,12,264.0,18.8,14.0,210.0,358.0,291.42,303.42,18.0,3788.0,26.0,12.0,339.0,5.0,0.0,0.0,0.0,3.0,-27.420000000000016,-9.409100267654937,27.420000000000016,16.19,2.6099999999999994,-4.0,-64.76,36.53999999999999
Chase Brown,RB,CIN,10,228.0,16.1,14.2,174.0,346.0,255.2,255.2,18.0,0.0,0.0,0.0,945.0,8.0,57.0,417.0,3.0,2.0,-27.19999999999999,-10.658307210031344,27.19999999999999,14.177777777777777,1.9222222222222243,-3.8000000000000007,-53.875555555555565,27.295555555555584
Ja'Marr Chase,WR,CIN,1,284.0,21.3,13.3,211.0,344.0,311.1,311.1,18.0,0.0,0.0,0.0,16.0,0.0,109.0,1345.0,11.0,1.0,-27.100000000000023,-8.71102539376407,27.100000000000023,17.283333333333335,4.016666666666666,-4.699999999999999,-81.23166666666667,53.42166666666666
Justice Hill,RB,BAL,66,41.0,3.8,10.8,2.0,118.0,67.7,67.7,18.0,0.0,0.0,0.0,141.0,1.0,24.0,176.0,1.0,0.0,-26.700000000000003,-39.43870014771049,26.700000000000003,3.761111111111111,0.03888888888888875,-7.199999999999999,-27.08,0.41999999999999854
Wan'Dale Robinson,WR,TEN,40,144.0,11.5,12.5,70.0,233.0,170.7,170.7,18.0,0.0,0.0,0.0,16.0,0.0,71.0,741.0,4.0,0.0,-26.69999999999999,-15.641476274165198,26.69999999999999,9.483333333333333,2.0166666666666675,-5.5,-52.15833333333333,25.208333333333343
Dalton Kincaid,TE,BUF,14,137.0,11.0,12.5,75.0,182.0,163.60000000000002,163.6,18.0,0.0,0.0,0.0,0.0,0.0,66.0,736.0,4.0,0.0,-26.600000000000023,-16.25916870415649,26.600000000000023,9.08888888888889,1.9111111111111097,-5.5,-49.988888888888894,23.88888888888887
Tyjae Spears,RB,TEN,45,88.0,7.4,11.9,18.0,174.0,114.60000000000001,114.6,18.0,0.0,0.0,0.0,388.0,2.0,35.0,248.0,1.0,1.0,-26.60000000000001,-23.21116928446772,26.60000000000001,6.366666666666667,1.0333333333333332,-6.1,-38.836666666666666,12.296666666666665
Bryce Young,QB,CAR,21,198.0,15.0,13.2,130.0,235.0,224.58,235.58,18.0,3202.0,20.0,11.0,245.0,3.0,0.0,0.0,0.0,3.0,-26.580000000000013,-11.835426128773715,26.580000000000013,12.476666666666667,2.5233333333333334,-4.800000000000001,-59.888000000000005,33.308
Josh Jacobs,RB,GB,9,229.0,16.7,13.7,171.0,332.0,202.60000000000002,202.6,18.0,0.0,0.0,0.0,918.0,8.0,33.0,258.0,1.0,2.0,26.399999999999977,13.030602171767017,26.399999999999977,11.255555555555556,5.444444444444443,-4.300000000000001,-48.3988888888889,74.58888888888886
Mitchell Evans,TE,CAR,56,42.0,3.7,11.3,12.0,68.0,15.7,15.7,18.0,0.0,0.0,0.0,0.0,0.0,8.0,77.0,0.0,0.0,26.3,167.515923566879,26.3,0.8722222222222222,2.827777777777778,-6.699999999999999,-5.8438888888888885,31.953888888888894
Rashid Shaheed,WR,SEA,56,118.0,9.6,12.3,36.0,159.0,144.1,138.1,18.0,0.0,0.0,0.0,46.0,0.0,45.0,665.0,4.0,1.0,-26.099999999999994,-18.11242192921582,26.099999999999994,8.005555555555555,1.594444444444445,-5.699999999999999,-45.63166666666665,19.611666666666675
DJ Giddens,RB,IND,124,4.0,0.6,7.5,-21.0,44.0,30.000000000000004,30.0,18.0,0.0,0.0,0.0,137.0,1.0,6.0,43.0,0.0,0.0,-26.000000000000004,-86.66666666666667,26.000000000000004,1.666666666666667,-1.0666666666666669,-10.5,-17.500000000000004,-8.000000000000002
Joey Slye,K,TEN,18,110.0,7.1,15.5,91.0,135.0,84.0,84.0,18.0,0.0,0.0,0.0,0.0,0.0,0.0,0.0,0.0,0.0,26.0,30.952380952380953,26.0,4.666666666666667,2.4333333333333327,-2.5,-11.666666666666668,37.716666666666654
Hunter Long,TE,JAX,72,26.0,3.4,7.7,0.0,58.0,0.0,0.0,18.0,0.0,0.0,0.0,0.0,0.0,0.0,0.0,0.0,0.0,26.0,,26.0,0.0,3.4,-10.3,0.0,26.18
Darnell Mooney,WR,NYG,104,48.0,4.3,11.3,0.0,128.0,73.4,73.4,18.0,0.0,0.0,0.0,3.0,0.0,25.0,361.0,2.0,0.0,-25.400000000000006,-34.604904632152596,25.400000000000006,4.077777777777778,0.22222222222222143,-6.699999999999999,-27.32111111111111,2.511111111111102
Kendre Miller,RB,NO,77,31.0,5.0,6.2,-1.0,62.0,5.6,5.6,18.0,0.0,0.0,0.0,20.0,0.0,2.0,16.0,0.0,0.0,25.4,453.57142857142856,25.4,0.3111111111111111,4.688888888888889,-11.8,-3.671111111111111,29.07111111111111
Seth McGowan,RB,IND,104,11.0,2.2,5.1,-14.0,39.0,36.300000000000004,36.3,18.0,0.0,0.0,0.0,184.0,1.0,7.0,49.0,0.0,0.0,-25.300000000000004,-69.6969696969697,25.300000000000004,2.016666666666667,0.18333333333333313,-12.9,-26.015000000000004,0.9349999999999988
Adam Randall,RB,BAL,121,5.0,0.8,6.5,-18.0,53.0,30.1,30.1,18.0,0.0,0.0,0.0,103.0,1.0,8.0,58.0,0.0,0.0,-25.1,-83.38870431893687,25.1,1.6722222222222223,-0.8722222222222222,-11.5,-19.230555555555558,-5.669444444444444
Ja'Tavion Sanders,TE,CAR,49,50.0,4.4,11.4,13.0,91.0,24.9,24.9,18.0,0.0,0.0,0.0,0.0,0.0,10.0,89.0,1.0,0.0,25.1,100.80321285140563,25.1,1.3833333333333333,3.016666666666667,-6.6,-9.129999999999999,34.39000000000001
Andre Szmyt,K,CLE,22,109.0,7.6,14.3,78.0,134.0,84.0,84.0,18.0,0.0,0.0,0.0,0.0,0.0,0.0,0.0,0.0,0.0,25.0,29.761904761904763,25.0,4.666666666666667,2.9333333333333327,-3.6999999999999993,-17.266666666666666,41.94666666666666
George Pickens,WR,DAL,8,221.0,16.7,13.2,167.0,281.0,245.7,245.7,18.0,0.0,0.0,0.0,6.0,0.0,80.0,1211.0,7.0,0.0,-24.69999999999999,-10.052910052910049,24.69999999999999,13.649999999999999,3.0500000000000007,-4.800000000000001,-65.52,40.260000000000005
Kyle Monangai,RB,CHI,27,130.0,9.7,13.4,27.0,200.0,154.60000000000002,154.6,18.0,0.0,0.0,0.0,751.0,6.0,23.0,165.0,1.0,1.0,-24.600000000000023,-15.912031047865472,24.600000000000023,8.58888888888889,1.111111111111109,-4.6,-39.50888888888889,14.88888888888886
Brock Bowers,TE,LV,2,229.0,16.7,13.7,175.0,277.0,253.5,253.5,18.0,0.0,0.0,0.0,18.0,0.0,102.0,1077.0,7.0,1.0,-24.5,-9.664694280078894,24.5,14.083333333333334,2.6166666666666654,-4.300000000000001,-60.558333333333344,35.848333333333315
Eric Rivers,WR,TB,180,5.0,0.7,6.8,-19.0,57.0,29.4,29.4,18.0,0.0,0.0,0.0,0.0,0.0,11.0,124.0,1.0,0.0,-24.4,-82.99319727891157,24.4,1.6333333333333333,-0.9333333333333333,-11.2,-18.293333333333333,-6.346666666666667
Taylen Green,QB,CLE,63,4.0,0.6,6.9,-15.0,68.0,28.299999999999997,30.3,18.0,335.0,2.0,2.0,69.0,1.0,0.0,0.0,0.0,1.0,-24.299999999999997,-85.86572438162544,24.299999999999997,1.572222222222222,-0.972222222222222,-11.1,-17.451666666666664,-6.708333333333332
Jameson Williams,WR,DET,16,182.0,13.6,13.4,128.0,234.0,206.20000000000002,206.2,18.0,0.0,0.0,0.0,44.0,0.0,60.0,998.0,7.0,0.0,-24.200000000000017,-11.736178467507282,24.200000000000017,11.455555555555556,2.144444444444444,-4.6,-52.69555555555555,28.73555555555555
George Holani,RB,SEA,139,1.0,0.1,9.0,-25.0,33.0,25.200000000000003,25.2,18.0,0.0,0.0,0.0,123.0,1.0,4.0,29.0,0.0,0.0,-24.200000000000003,-96.03174603174604,24.200000000000003,1.4000000000000001,-1.3,-9.0,-12.600000000000001,-11.700000000000001
Shedeur Sanders,QB,CLE,42,68.0,11.3,6.0,-3.0,99.0,92.11999999999999,97.12,18.0,1433.0,7.0,5.0,88.0,2.0,0.0,0.0,0.0,2.0,-24.11999999999999,-26.18323925314806,24.11999999999999,5.1177777777777775,6.182222222222223,-12.0,-61.41333333333333,37.09333333333334
Theo Wease Jr.,WR,MIA,118,33.0,4.9,6.7,-18.0,86.0,8.9,8.9,18.0,0.0,0.0,0.0,0.0,0.0,4.0,49.0,0.0,0.0,24.1,270.7865168539326,24.1,0.49444444444444446,4.405555555555556,-11.3,-5.5872222222222225,29.517222222222227
Bijan Robinson,RB,ATL,2,349.0,25.2,13.8,220.0,417.0,324.90000000000003,324.9,18.0,0.0,0.0,0.0,1372.0,9.0,64.0,537.0,3.0,2.0,24.099999999999966,7.417666974453667,24.099999999999966,18.05,7.149999999999999,-4.199999999999999,-75.80999999999999,98.66999999999999
Theo Johnson,TE,NYG,26,101.0,7.5,13.4,48.0,157.0,77.0,77.0,18.0,0.0,0.0,0.0,0.0,0.0,31.0,340.0,2.0,0.0,24.0,31.16883116883117,24.0,4.277777777777778,3.2222222222222223,-4.6,-19.677777777777777,43.17777777777778
Savion Williams,WR,GB,95,56.0,4.9,11.5,0.0,126.0,32.0,32.0,18.0,0.0,0.0,0.0,42.0,0.0,10.0,118.0,1.0,0.0,24.0,75.0,24.0,1.7777777777777777,3.1222222222222227,-6.5,-11.555555555555555,35.90555555555556
BAL DST,DST,BAL,27,81.0,5.1,16.0,65.0,120.0,105.0,95.0,1.0,0.0,0.0,0.0,0.0,0.0,0.0,0.0,0.0,0.0,-24.0,-22.857142857142858,24.0,105.0,-99.9,15.0,1575.0,-1598.4
Josh Cuevas,TE,BAL,108,4.0,0.6,6.0,-2.0,38.0,27.8,27.8,18.0,0.0,0.0,0.0,0.0,0.0,11.0,108.0,1.0,0.0,-23.8,-85.61151079136691,23.8,1.5444444444444445,-0.9444444444444445,-12.0,-18.533333333333335,-5.666666666666667
John Bates,TE,WAS,94,8.0,0.8,9.7,-2.0,35.0,31.8,31.8,18.0,0.0,0.0,0.0,0.0,0.0,13.0,128.0,1.0,0.0,-23.8,-74.8427672955975,23.8,1.7666666666666666,-0.9666666666666666,-8.3,-14.663333333333334,-9.376666666666665
Tyler Allgeier,RB,ARI,60,46.0,4.0,11.3,-32.0,138.0,69.4,69.4,18.0,0.0,0.0,0.0,400.0,3.0,8.0,54.0,0.0,1.0,-23.400000000000006,-33.71757925072046,23.400000000000006,3.855555555555556,0.14444444444444393,-6.699999999999999,-25.832222222222224,1.6322222222222165
Jaylen Warren,RB,PIT,17,194.0,13.4,14.5,93.0,240.0,170.60000000000002,170.6,18.0,0.0,0.0,0.0,759.0,5.0,36.0,267.0,1.0,2.0,23.399999999999977,13.716295427901509,23.399999999999977,9.47777777777778,3.9222222222222207,-3.5,-33.17222222222223,56.8722222222222
Tank Bigsby,RB,PHI,65,42.0,3.5,11.8,0.0,123.0,65.2,65.2,18.0,0.0,0.0,0.0,353.0,3.0,8.0,59.0,0.0,1.0,-23.200000000000003,-35.582822085889575,23.200000000000003,3.6222222222222222,-0.12222222222222223,-6.199999999999999,-22.457777777777775,-1.4422222222222225
Brock Purdy,QB,SF,11,267.0,25.4,10.5,114.0,291.0,290.2,303.2,18.0,3900.0,30.0,13.0,242.0,3.0,0.0,0.0,0.0,3.0,-23.19999999999999,-7.994486560992415,23.19999999999999,16.12222222222222,9.277777777777779,-7.5,-120.91666666666666,97.41666666666667
Darnell Washington,TE,PIT,39,62.0,5.0,12.6,10.0,122.0,85.1,85.1,18.0,0.0,0.0,0.0,0.0,0.0,33.0,341.0,3.0,0.0,-23.099999999999994,-27.144535840188013,23.099999999999994,4.727777777777778,0.27222222222222214,-5.4,-25.53,3.429999999999999
Wil Lutz,K,DEN,8,123.0,7.7,15.9,102.0,143.0,100.0,100.0,18.0,0.0,0.0,0.0,0.0,0.0,0.0,0.0,0.0,0.0,23.0,23.0,23.0,5.555555555555555,2.144444444444445,-2.0999999999999996,-11.666666666666664,34.09666666666667
Jaret Patterson,RB,LAC,88,23.0,2.9,7.9,-22.0,70.0,0.0,0.0,18.0,0.0,0.0,0.0,0.0,0.0,0.0,0.0,0.0,0.0,23.0,,23.0,0.0,2.9,-10.1,0.0,22.91
Devontez Walker,WR,BAL,170,7.0,1.0,7.0,-19.0,50.0,29.9,29.9,18.0,0.0,0.0,0.0,6.0,0.0,10.0,133.0,1.0,0.0,-22.9,-76.5886287625418,22.9,1.661111111111111,-0.661111111111111,-11.0,-18.272222222222222,-4.627777777777776
Tanner Koziol,TE,JAX,89,10.0,1.6,6.5,-2.0,45.0,32.8,32.8,18.0,0.0,0.0,0.0,0.0,0.0,14.0,128.0,1.0,0.0,-22.799999999999997,-69.51219512195121,22.799999999999997,1.822222222222222,-0.22222222222222188,-11.5,-20.955555555555552,-1.4444444444444422
Carnell Tate,WR,TEN,13,200.0,16.4,12.2,53.0,285.0,177.3,177.3,18.0,0.0,0.0,0.0,10.0,0.0,65.0,813.0,5.0,0.0,22.69999999999999,12.803158488437669,22.69999999999999,9.850000000000001,6.549999999999997,-5.800000000000001,-57.13000000000002,79.90999999999995
Jordan Addison,WR,MIN,35,149.0,11.6,12.9,68.0,198.0,171.7,171.7,18.0,0.0,0.0,0.0,22.0,0.0,60.0,795.0,5.0,0.0,-22.69999999999999,-13.220733838089686,22.69999999999999,9.538888888888888,2.061111111111112,-5.1,-48.648333333333326,26.588333333333342
Davante Adams,WR,LAR,23,170.0,13.9,12.2,69.0,277.0,192.5,192.5,18.0,0.0,0.0,0.0,0.0,0.0,63.0,795.0,8.0,0.0,-22.5,-11.688311688311687,22.5,10.694444444444445,3.2055555555555557,-5.800000000000001,-62.027777777777786,39.10777777777778
AJ Barner,TE,SEA,21,120.0,8.8,13.7,49.0,175.0,142.4,142.4,18.0,0.0,0.0,0.0,14.0,1.0,58.0,530.0,4.0,0.0,-22.400000000000006,-15.730337078651688,22.400000000000006,7.911111111111111,0.8888888888888893,-4.300000000000001,-34.01777777777779,12.177777777777782
Xavier Hutchinson,WR,HOU,89,59.0,4.5,13.1,0.0,129.0,36.7,36.7,18.0,0.0,0.0,0.0,0.0,0.0,14.0,167.0,1.0,0.0,22.299999999999997,60.76294277929154,22.299999999999997,2.038888888888889,2.461111111111111,-4.9,-9.990555555555558,32.24055555555555
Isaiah Williams,WR,NYJ,147,15.0,1.4,10.6,-29.0,76.0,37.3,31.3,18.0,0.0,0.0,0.0,18.0,0.0,12.0,135.0,1.0,1.0,-22.299999999999997,-59.78552278820375,22.299999999999997,2.072222222222222,-0.672222222222222,-7.4,-15.334444444444443,-7.125555555555554
Tai Felton,WR,MIN,171,7.0,0.7,9.6,-27.0,73.0,29.200000000000003,29.2,18.0,0.0,0.0,0.0,6.0,0.0,10.0,126.0,1.0,0.0,-22.200000000000003,-76.02739726027397,22.200000000000003,1.6222222222222225,-0.9222222222222225,-8.4,-13.626666666666669,-8.853333333333335
Antonio Williams,WR,WAS,101,53.0,5.2,10.2,0.0,129.0,75.2,75.2,18.0,0.0,0.0,0.0,13.0,0.0,28.0,339.0,2.0,0.0,-22.200000000000003,-29.521276595744684,22.200000000000003,4.177777777777778,1.0222222222222221,-7.800000000000001,-32.58666666666667,10.426666666666666
Xavier Smith,WR,LAR,191,2.0,0.3,9.3,-26.0,56.0,24.1,24.1,18.0,0.0,0.0,0.0,16.0,0.0,7.0,95.0,1.0,0.0,-22.1,-91.70124481327801,22.1,1.338888888888889,-1.038888888888889,-8.7,-11.648333333333333,-9.661666666666669
Devin Neal,RB,NO,56,54.0,5.4,10.0,0.0,125.0,31.9,31.9,18.0,0.0,0.0,0.0,160.0,1.0,7.0,49.0,0.0,1.0,22.1,69.27899686520377,22.1,1.7722222222222221,3.627777777777778,-8.0,-14.177777777777777,36.277777777777786
LAR DST,DST,LAR,9,100.0,6.3,16.0,79.0,127.0,122.0,106.0,1.0,0.0,0.0,0.0,0.0,0.0,0.0,0.0,0.0,0.0,-22.0,-18.0327868852459,22.0,122.0,-115.7,15.0,1830.0,-1851.2
DET DST,DST,DET,22,86.0,5.4,16.0,59.0,127.0,108.0,92.0,1.0,0.0,0.0,0.0,0.0,0.0,0.0,0.0,0.0,0.0,-22.0,-20.37037037037037,22.0,108.0,-102.6,15.0,1620.0,-1641.6
Calvin Austin III,WR,NYG,134,22.0,2.0,11.4,0.0,111.0,0.0,0.0,18.0,0.0,0.0,0.0,0.0,0.0,0.0,0.0,0.0,0.0,22.0,,22.0,0.0,2.0,-6.6,0.0,22.8
T.J. Hockenson,TE,MIN,16,133.0,10.4,12.8,46.0,172.0,155.0,155.0,18.0,0.0,0.0,0.0,0.0,0.0,66.0,650.0,4.0,0.0,-22.0,-14.193548387096774,22.0,8.61111111111111,1.7888888888888896,-5.199999999999999,-44.77777777777777,22.89777777777779
Chris Boswell,K,PIT,5,129.0,8.4,15.3,101.0,149.0,107.0,107.0,18.0,0.0,0.0,0.0,0.0,0.0,0.0,0.0,0.0,0.0,22.0,20.5607476635514,22.0,5.944444444444445,2.4555555555555557,-2.6999999999999993,-16.049999999999997,37.57000000000001
Kimani Vidal,RB,LAC,48,82.0,7.5,10.9,5.0,170.0,60.0,60.0,18.0,0.0,0.0,0.0,243.0,2.0,14.0,97.0,0.0,0.0,22.0,36.666666666666664,22.0,3.3333333333333335,4.166666666666666,-7.1,-23.666666666666668,45.416666666666664
Gardner Minshew,QB,ARI,60,4.0,1.2,3.5,-8.0,40.0,25.959999999999997,27.96,18.0,394.0,3.0,2.0,22.0,0.0,0.0,0.0,0.0,0.0,-21.959999999999997,-84.59167950693374,21.959999999999997,1.442222222222222,-0.24222222222222212,-14.5,-20.91222222222222,-0.8477777777777774
Jahdae Walker,WR,CHI,185,4.0,0.7,5.9,-16.0,39.0,25.9,25.9,18.0,0.0,0.0,0.0,0.0,0.0,9.0,109.0,1.0,0.0,-21.9,-84.55598455598455,21.9,1.4388888888888889,-0.7388888888888889,-12.1,-17.410555555555554,-4.359444444444445
Jaren Kanak,TE,TEN,88,10.0,2.0,4.7,-2.0,39.0,31.6,31.6,18.0,0.0,0.0,0.0,0.0,0.0,13.0,126.0,1.0,0.0,-21.6,-68.35443037974683,21.6,1.7555555555555555,0.24444444444444446,-13.3,-23.34888888888889,1.148888888888889
Tez Johnson,WR,TB,87,60.0,5.1,11.8,2.0,123.0,38.400000000000006,38.4,18.0,0.0,0.0,0.0,10.0,0.0,14.0,174.0,1.0,0.0,21.599999999999994,56.24999999999998,21.599999999999994,2.1333333333333337,2.966666666666666,-6.199999999999999,-13.226666666666668,35.00666666666666
DK Metcalf,WR,PIT,26,162.0,12.1,13.3,102.0,218.0,183.3,183.3,18.0,0.0,0.0,0.0,10.0,0.0,62.0,843.0,6.0,0.0,-21.30000000000001,-11.62029459901801,21.30000000000001,10.183333333333334,1.916666666666666,-4.699999999999999,-47.86166666666666,25.49166666666666
Emari Demercado,RB,KC,95,17.0,2.0,8.6,-24.0,77.0,38.3,38.3,18.0,0.0,0.0,0.0,120.0,1.0,12.0,83.0,0.0,0.0,-21.299999999999997,-55.61357702349869,21.299999999999997,2.1277777777777778,-0.12777777777777777,-9.4,-20.00111111111111,-1.0988888888888888
Andy Dalton,QB,PHI,51,32.0,6.7,4.7,-10.0,65.0,10.82,11.82,18.0,208.0,1.0,1.0,5.0,0.0,0.0,0.0,0.0,0.0,21.18,195.74861367837337,21.18,0.6011111111111112,6.098888888888889,-13.3,-7.994777777777779,28.66477777777778
Brashard Smith,RB,KC,67,41.0,3.3,12.3,3.0,116.0,19.9,19.9,18.0,0.0,0.0,0.0,67.0,1.0,4.0,32.0,0.0,0.0,21.1,106.03015075376885,21.1,1.1055555555555554,2.1944444444444446,-5.699999999999999,-6.301666666666665,26.99166666666667
SEA DST,DST,SEA,13,98.0,6.1,16.0,81.0,128.0,119.0,103.0,1.0,0.0,0.0,0.0,0.0,0.0,0.0,0.0,0.0,0.0,-21.0,-17.647058823529413,21.0,119.0,-112.9,15.0,1785.0,-1806.4
Brandon Aubrey,K,DAL,3,137.0,9.3,14.7,99.0,164.0,116.0,116.0,18.0,0.0,0.0,0.0,0.0,0.0,0.0,0.0,0.0,0.0,21.0,18.103448275862068,21.0,6.444444444444445,2.855555555555556,-3.3000000000000007,-21.266666666666673,41.976666666666674
Colbie Young,WR,CIN,161,10.0,1.4,7.1,-20.0,55.0,31.0,31.0,18.0,0.0,0.0,0.0,0.0,0.0,11.0,140.0,1.0,0.0,-21.0,-67.74193548387096,21.0,1.7222222222222223,-0.3222222222222224,-10.9,-18.772222222222222,-2.287777777777779
MIA DST,DST,MIA,17,93.0,5.8,16.0,71.0,121.0,72.0,62.0,1.0,0.0,0.0,0.0,0.0,0.0,0.0,0.0,0.0,0.0,21.0,29.166666666666668,21.0,72.0,-66.2,15.0,1080.0,-1059.2
Jeremy Ruckert,TE,NYJ,69,30.0,3.0,10.0,0.0,73.0,9.3,9.3,18.0,0.0,0.0,0.0,0.0,0.0,5.0,43.0,0.0,0.0,20.7,222.5806451612903,20.7,0.5166666666666667,2.4833333333333334,-8.0,-4.133333333333334,24.833333333333336
Calvin Ridley,WR,TEN,65,98.0,8.6,11.4,14.0,156.0,77.30000000000001,77.3,18.0,0.0,0.0,0.0,6.0,0.0,27.0,377.0,2.0,0.0,20.69999999999999,26.778783958602826,20.69999999999999,4.294444444444445,4.3055555555555545,-6.6,-28.343333333333337,49.08333333333332
Jeremy McNichols,RB,WAS,79,30.0,2.7,10.9,-31.0,82.0,9.4,9.4,18.0,0.0,0.0,0.0,42.0,0.0,3.0,22.0,0.0,0.0,20.6,219.14893617021275,20.6,0.5222222222222223,2.177777777777778,-7.1,-3.707777777777778,23.737777777777783
Nate Boerkircher,TE,JAX,51,48.0,5.6,8.6,3.0,101.0,27.4,27.4,18.0,0.0,0.0,0.0,0.0,0.0,11.0,104.0,1.0,0.0,20.6,75.18248175182482,20.6,1.5222222222222221,4.0777777777777775,-9.4,-14.30888888888889,35.068888888888885
Grant Calcaterra,TE,PHI,102,5.0,0.5,8.4,-3.0,35.0,25.6,25.6,18.0,0.0,0.0,0.0,0.0,0.0,10.0,96.0,1.0,0.0,-20.6,-80.46875,20.6,1.4222222222222223,-0.9222222222222223,-9.6,-13.653333333333334,-7.746666666666667
Nick Westbrook-Ikhine,WR,IND,164,9.0,1.2,7.7,-22.0,44.0,29.5,29.5,18.0,0.0,0.0,0.0,0.0,0.0,10.0,135.0,1.0,0.0,-20.5,-69.49152542372882,20.5,1.6388888888888888,-0.4388888888888889,-10.3,-16.880555555555556,-3.3794444444444447
Christian Kirk,WR,SF,126,26.0,2.8,9.2,0.0,97.0,46.4,46.4,18.0,0.0,0.0,0.0,9.0,0.0,19.0,205.0,1.0,0.0,-20.4,-43.96551724137931,20.4,2.5777777777777775,0.22222222222222232,-8.8,-22.684444444444445,2.044444444444445
Brevyn Spann-Ford,TE,DAL,91,9.0,0.8,11.5,-4.0,53.0,29.4,29.4,18.0,0.0,0.0,0.0,0.0,0.0,12.0,114.0,1.0,0.0,-20.4,-69.38775510204081,20.4,1.6333333333333333,-0.8333333333333333,-6.5,-10.616666666666667,-9.583333333333332
Raheim Sanders,RB,CLE,85,25.0,3.7,6.9,-19.0,57.0,4.7,4.7,18.0,0.0,0.0,0.0,20.0,0.0,2.0,7.0,0.0,0.0,20.3,431.9148936170213,20.3,0.2611111111111111,3.438888888888889,-11.1,-2.8983333333333334,23.728333333333335
Jaylen Wright,RB,MIA,87,24.0,2.5,9.4,-26.0,105.0,44.099999999999994,44.1,18.0,0.0,0.0,0.0,223.0,2.0,6.0,38.0,0.0,0.0,-20.099999999999994,-45.578231292517,20.099999999999994,2.4499999999999997,0.050000000000000266,-8.6,-21.069999999999997,0.4700000000000025
DAL DST,DST,DAL,25,82.0,5.1,16.0,45.0,144.0,102.0,86.0,1.0,0.0,0.0,0.0,0.0,0.0,0.0,0.0,0.0,0.0,-20.0,-19.607843137254903,20.0,102.0,-96.9,15.0,1530.0,-1550.4
Chase McLaughlin,K,TB,7,125.0,8.2,15.2,98.0,142.0,105.0,105.0,18.0,0.0,0.0,0.0,0.0,0.0,0.0,0.0,0.0,0.0,20.0,19.047619047619047,20.0,5.833333333333333,2.3666666666666663,-2.8000000000000007,-16.333333333333336,35.97333333333332
Zach Wilson,QB,NO,53,20.0,4.3,4.8,-7.0,64.0,0.0,0.0,18.0,0.0,0.0,0.0,0.0,0.0,0.0,0.0,0.0,0.0,20.0,,20.0,0.0,4.3,-13.2,0.0,20.639999999999997
Jake Tonges,TE,SF,47,51.0,5.1,9.9,9.0,102.0,70.8,70.8,18.0,0.0,0.0,0.0,0.0,0.0,30.0,288.0,2.0,0.0,-19.799999999999997,-27.966101694915253,19.799999999999997,3.933333333333333,1.1666666666666665,-8.1,-31.859999999999996,11.549999999999999
Isiah Pacheco,RB,DET,74,34.0,4.1,8.3,0.0,88.0,53.599999999999994,53.6,18.0,0.0,0.0,0.0,263.0,2.0,10.0,73.0,0.0,1.0,-19.599999999999994,-36.56716417910447,19.599999999999994,2.9777777777777774,1.1222222222222222,-9.7,-28.884444444444437,9.314444444444446
Jordan Whittington,WR,LAR,184,4.0,0.6,7.4,-20.0,42.0,23.3,23.3,18.0,0.0,0.0,0.0,6.0,0.0,8.0,87.0,1.0,0.0,-19.3,-82.83261802575107,19.3,1.2944444444444445,-0.6944444444444445,-10.6,-13.721111111111112,-5.13888888888889
CLE DST,DST,CLE,7,103.0,6.5,16.0,69.0,158.0,84.0,74.0,1.0,0.0,0.0,0.0,0.0,0.0,0.0,0.0,0.0,0.0,19.0,22.61904761904762,19.0,84.0,-77.5,15.0,1260.0,-1240.0
Shedrick Jackson,WR,LV,140,19.0,3.3,5.7,-16.0,56.0,0.0,0.0,18.0,0.0,0.0,0.0,0.0,0.0,0.0,0.0,0.0,0.0,19.0,,19.0,0.0,3.3,-12.3,0.0,18.81
Brenen Thompson,WR,LAC,138,20.0,1.9,10.6,-29.0,113.0,39.0,39.0,18.0,0.0,0.0,0.0,0.0,0.0,14.0,190.0,1.0,0.0,-19.0,-48.717948717948715,19.0,2.1666666666666665,-0.2666666666666666,-7.4,-16.03333333333333,-2.8266666666666658
Jacory Croskey-Merritt,RB,WAS,37,109.0,8.6,12.7,25.0,185.0,127.9,127.9,18.0,0.0,0.0,0.0,614.0,5.0,19.0,135.0,1.0,1.0,-18.900000000000006,-14.777169663799846,18.900000000000006,7.105555555555556,1.4944444444444436,-5.300000000000001,-37.65944444444445,18.979444444444432
Germie Bernard,WR,PIT,78,80.0,7.6,10.6,13.0,142.0,98.9,98.9,18.0,0.0,0.0,0.0,10.0,0.0,36.0,439.0,3.0,0.0,-18.900000000000006,-19.110212335692623,18.900000000000006,5.4944444444444445,2.105555555555555,-7.4,-40.65888888888889,22.318888888888885
Dalton Schultz,TE,HOU,17,132.0,10.1,13.0,61.0,178.0,150.9,150.9,18.0,0.0,0.0,0.0,0.0,0.0,64.0,629.0,4.0,0.0,-18.900000000000006,-12.52485089463221,18.900000000000006,8.383333333333333,1.7166666666666668,-5.0,-41.916666666666664,22.31666666666667
Harold Fannin Jr.,TE,CLE,4,199.0,14.3,13.8,103.0,265.0,180.4,180.4,18.0,0.0,0.0,0.0,25.0,0.0,74.0,739.0,5.0,0.0,18.599999999999994,10.310421286031039,18.599999999999994,10.022222222222222,4.277777777777779,-4.199999999999999,-42.09333333333333,59.033333333333346
Chris Godwin Jr.,WR,TB,32,155.0,11.1,13.9,59.0,209.0,173.6,173.6,18.0,0.0,0.0,0.0,6.0,0.0,68.0,750.0,5.0,0.0,-18.599999999999994,-10.714285714285712,18.599999999999994,9.644444444444444,1.4555555555555557,-4.1,-39.542222222222215,20.232222222222227
Kevin Austin Jr.,WR,NO,128,25.0,3.4,7.2,-18.0,62.0,6.5,6.5,18.0,0.0,0.0,0.0,1.0,0.0,3.0,34.0,0.0,0.0,18.5,284.61538461538464,18.5,0.3611111111111111,3.0388888888888888,-10.8,-3.9000000000000004,21.88
Kevin Coleman,WR,MIA,148,14.0,1.4,9.8,-27.0,93.0,32.4,32.4,18.0,0.0,0.0,0.0,0.0,0.0,12.0,144.0,1.0,0.0,-18.4,-56.79012345679012,18.4,1.7999999999999998,-0.3999999999999999,-8.2,-14.759999999999998,-3.9199999999999995
Courtland Sutton,WR,DEN,31,156.0,13.2,11.8,118.0,202.0,174.3,174.3,18.0,0.0,0.0,0.0,0.0,0.0,59.0,793.0,6.0,0.0,-18.30000000000001,-10.499139414802071,18.30000000000001,9.683333333333334,3.5166666666666657,-6.199999999999999,-60.03666666666666,41.496666666666655
Jackson Hawes,TE,BUF,50,50.0,4.6,11.0,3.0,91.0,31.9,31.9,18.0,0.0,0.0,0.0,0.0,0.0,13.0,129.0,1.0,0.0,18.1,56.73981191222571,18.1,1.7722222222222221,2.8277777777777775,-7.0,-12.405555555555555,31.105555555555554
Emeka Egbuka,WR,TB,12,206.0,14.9,13.9,129.0,296.0,224.0,224.0,18.0,0.0,0.0,0.0,21.0,0.0,77.0,1029.0,7.0,0.0,-18.0,-8.035714285714286,18.0,12.444444444444445,2.4555555555555557,-4.1,-51.02222222222222,34.132222222222225
Jonathan Mingo,WR,DAL,143,18.0,2.0,8.7,-24.0,80.0,0.0,0.0,18.0,0.0,0.0,0.0,0.0,0.0,0.0,0.0,0.0,0.0,18.0,,18.0,0.0,2.0,-9.3,0.0,17.4
Quentin Johnston,WR,LAC,38,146.0,11.8,12.4,129.0,190.0,163.9,163.9,18.0,0.0,0.0,0.0,11.0,0.0,58.0,748.0,5.0,0.0,-17.900000000000006,-10.921293471629046,17.900000000000006,9.105555555555556,2.6944444444444446,-5.6,-50.99111111111111,33.41111111111111
Marquez Valdes-Scantling,WR,DAL,162,9.0,1.6,5.7,-16.0,33.0,26.9,26.9,18.0,0.0,0.0,0.0,6.0,0.0,8.0,123.0,1.0,0.0,-17.9,-66.54275092936803,17.9,1.4944444444444445,0.10555555555555562,-12.3,-18.381666666666668,0.6016666666666671
David Sills,WR,TB,163,9.0,1.5,6.2,-17.0,53.0,26.9,26.9,18.0,0.0,0.0,0.0,6.0,0.0,9.0,113.0,1.0,0.0,-17.9,-66.54275092936803,17.9,1.4944444444444445,0.005555555555555536,-11.8,-17.634444444444444,0.034444444444444326
Dak Prescott,QB,DAL,9,273.0,18.8,14.5,221.0,315.0,290.88,303.88,18.0,4292.0,31.0,13.0,152.0,1.0,0.0,0.0,0.0,2.0,-17.879999999999995,-6.146864686468645,17.879999999999995,16.16,2.6400000000000006,-3.5,-56.56,38.28000000000001
Josh Whyle,TE,GB,74,24.0,2.6,9.1,-3.0,53.0,6.2,6.2,18.0,0.0,0.0,0.0,0.0,0.0,3.0,32.0,0.0,0.0,17.8,287.0967741935484,17.8,0.34444444444444444,2.2555555555555555,-8.9,-3.0655555555555556,20.525555555555556
Dawson Knox,TE,BUF,40,59.0,5.0,11.8,20.0,122.0,76.4,76.4,18.0,0.0,0.0,0.0,0.0,0.0,28.0,304.0,3.0,0.0,-17.400000000000006,-22.774869109947648,17.400000000000006,4.2444444444444445,0.7555555555555555,-6.199999999999999,-26.31555555555555,8.915555555555557
Charlie Kolar,TE,LAC,76,21.0,2.3,9.1,-3.0,56.0,38.4,38.4,18.0,0.0,0.0,0.0,2.0,0.0,16.0,162.0,1.0,0.0,-17.4,-45.3125,17.4,2.1333333333333333,0.16666666666666652,-8.9,-18.986666666666668,1.5166666666666653
Darius Slayton,WR,NYG,88,59.0,5.0,11.9,3.0,125.0,76.30000000000001,76.3,18.0,0.0,0.0,0.0,0.0,0.0,26.0,383.0,2.0,0.0,-17.30000000000001,-22.673656618610757,17.30000000000001,4.23888888888889,0.7611111111111102,-6.1,-25.857222222222227,9.057222222222212
Noah Gray,TE,KC,55,42.0,3.5,11.8,0.0,82.0,59.1,59.1,18.0,0.0,0.0,0.0,0.0,0.0,24.0,231.0,2.0,0.0,-17.1,-28.934010152284266,17.1,3.283333333333333,0.21666666666666679,-6.199999999999999,-20.356666666666662,2.5566666666666684
Brittain Brown,RB,CHI,94,17.0,2.9,5.9,-17.0,64.0,0.0,0.0,18.0,0.0,0.0,0.0,0.0,0.0,0.0,0.0,0.0,0.0,17.0,,17.0,0.0,2.9,-12.1,0.0,17.11
Jawhar Jordan,RB,HOU,63,44.0,4.6,9.5,-27.0,136.0,27.000000000000004,27.0,18.0,0.0,0.0,0.0,127.0,1.0,5.0,33.0,0.0,0.0,16.999999999999996,62.96296296296294,16.999999999999996,1.5000000000000002,3.0999999999999996,-8.5,-12.750000000000002,29.449999999999996
John Metchie III,WR,CAR,119,32.0,3.3,9.5,0.0,110.0,48.8,48.8,18.0,0.0,0.0,0.0,8.0,0.0,20.0,220.0,1.0,0.0,-16.799999999999997,-34.42622950819671,16.799999999999997,2.711111111111111,0.588888888888889,-8.5,-23.04444444444444,5.594444444444446
Jonathan Taylor,RB,IND,5,289.0,20.9,13.8,224.0,417.0,272.3,272.3,18.0,0.0,0.0,0.0,1385.0,11.0,36.0,278.0,1.0,2.0,16.69999999999999,6.13294160852001,16.69999999999999,15.127777777777778,5.77222222222222,-4.199999999999999,-63.536666666666655,79.65666666666665
Tyquan Thornton,WR,KC,107,46.0,4.3,10.7,0.0,124.0,62.6,62.6,18.0,0.0,0.0,0.0,0.0,0.0,20.0,306.0,2.0,0.0,-16.6,-26.517571884984026,16.6,3.477777777777778,0.822222222222222,-7.300000000000001,-25.38777777777778,8.797777777777775
Drew Sample,TE,CIN,80,15.0,1.7,9.1,-2.0,53.0,31.6,31.6,18.0,0.0,0.0,0.0,0.0,0.0,13.0,126.0,1.0,0.0,-16.6,-52.53164556962025,16.6,1.7555555555555555,-0.05555555555555558,-8.9,-15.624444444444444,-0.5055555555555558
Noah Fant,TE,NO,46,53.0,4.9,10.8,0.0,120.0,36.6,36.6,18.0,0.0,0.0,0.0,0.0,0.0,15.0,156.0,1.0,0.0,16.4,44.8087431693989,16.4,2.033333333333333,2.866666666666667,-7.199999999999999,-14.639999999999997,30.960000000000008
Jauan Jennings,WR,MIN,52,122.0,11.1,11.0,49.0,154.0,105.7,105.7,18.0,0.0,0.0,0.0,0.0,0.0,39.0,487.0,3.0,0.0,16.299999999999997,15.421002838221378,16.299999999999997,5.872222222222223,5.227777777777777,-7.0,-41.10555555555556,57.505555555555546
Demarcus Robinson,WR,SF,131,22.0,2.1,10.5,0.0,97.0,38.1,38.1,18.0,0.0,0.0,0.0,0.0,0.0,14.0,181.0,1.0,0.0,-16.1,-42.25721784776903,16.1,2.1166666666666667,-0.016666666666666607,-7.5,-15.875,-0.17499999999999938
Jason Myers,K,SEA,6,127.0,8.6,14.7,94.0,159.0,111.0,111.0,18.0,0.0,0.0,0.0,0.0,0.0,0.0,0.0,0.0,0.0,16.0,14.414414414414415,16.0,6.166666666666667,2.4333333333333327,-3.3000000000000007,-20.350000000000005,35.76999999999999
Jack Bech,WR,LV,85,62.0,5.2,11.8,0.0,128.0,77.9,77.9,18.0,0.0,0.0,0.0,9.0,0.0,30.0,350.0,2.0,0.0,-15.900000000000006,-20.410783055198976,15.900000000000006,4.327777777777778,0.8722222222222218,-6.199999999999999,-26.832222222222224,10.292222222222218
Michael Mayer,TE,LV,38,65.0,5.6,11.6,19.0,122.0,80.80000000000001,80.8,18.0,0.0,0.0,0.0,0.0,0.0,34.0,348.0,2.0,0.0,-15.800000000000011,-19.554455445544566,15.800000000000011,4.48888888888889,1.1111111111111098,-6.4,-28.728888888888896,12.888888888888873
Justin Herbert,QB,LAC,10,270.0,18.8,14.4,219.0,360.0,285.48,295.48,18.0,3842.0,26.0,10.0,338.0,3.0,0.0,0.0,0.0,3.0,-15.480000000000018,-5.422446406052969,15.480000000000018,15.860000000000001,2.9399999999999995,-3.5999999999999996,-57.096,42.33599999999999
Pat Bryant,WR,DEN,77,81.0,6.6,12.3,6.0,162.0,96.4,96.4,18.0,0.0,0.0,0.0,9.0,0.0,35.0,425.0,3.0,0.0,-15.400000000000006,-15.975103734439838,15.400000000000006,5.355555555555556,1.2444444444444436,-5.699999999999999,-30.526666666666667,15.306666666666656
Zavier Scott,RB,MIN,91,21.0,2.2,9.5,-26.0,80.0,5.6,5.6,18.0,0.0,0.0,0.0,21.0,0.0,2.0,15.0,0.0,0.0,15.4,275.00000000000006,15.4,0.3111111111111111,1.888888888888889,-8.5,-2.6444444444444444,17.944444444444446
Roman Wilson,WR,PIT,111,42.0,3.8,11.0,0.0,123.0,26.8,26.8,18.0,0.0,0.0,0.0,0.0,0.0,9.0,118.0,1.0,0.0,15.2,56.71641791044776,15.2,1.488888888888889,2.311111111111111,-7.0,-10.422222222222222,25.42222222222222
Davis Allen,TE,LAR,77,21.0,2.9,7.3,-3.0,57.0,5.9,5.9,18.0,0.0,0.0,0.0,0.0,0.0,3.0,29.0,0.0,0.0,15.1,255.9322033898305,15.1,0.3277777777777778,2.572222222222222,-10.7,-3.507222222222222,18.77722222222222
SF DST,DST,SF,29,79.0,5.0,16.0,51.0,122.0,94.0,84.0,1.0,0.0,0.0,0.0,0.0,0.0,0.0,0.0,0.0,0.0,-15.0,-15.957446808510639,15.0,94.0,-89.0,15.0,1410.0,-1424.0
KC DST,DST,KC,26,82.0,5.1,16.0,66.0,131.0,97.0,87.0,1.0,0.0,0.0,0.0,0.0,0.0,0.0,0.0,0.0,0.0,-15.0,-15.463917525773196,15.0,97.0,-91.9,15.0,1455.0,-1470.4
Matt Gay,K,LV,35,90.0,6.9,13.0,71.0,112.0,75.0,75.0,18.0,0.0,0.0,0.0,0.0,0.0,0.0,0.0,0.0,0.0,15.0,20.0,15.0,4.166666666666667,2.7333333333333334,-5.0,-20.833333333333336,35.53333333333333
Tetairoa McMillan,WR,CAR,11,208.0,15.2,13.7,139.0,295.0,223.0,223.0,18.0,0.0,0.0,0.0,6.0,0.0,77.0,1074.0,6.0,0.0,-15.0,-6.726457399103139,15.0,12.38888888888889,2.81111111111111,-4.300000000000001,-53.27222222222223,38.512222222222206
Cade Klubnik,QB,NYJ,58,7.0,1.0,6.9,-15.0,79.0,22.0,24.0,18.0,400.0,2.0,2.0,20.0,0.0,0.0,0.0,0.0,0.0,-15.0,-68.18181818181817,15.0,1.2222222222222223,-0.22222222222222232,-11.1,-13.566666666666668,-1.533333333333334
Drew Allar,QB,PIT,50,35.0,4.3,8.1,-16.0,106.0,20.020000000000003,22.02,18.0,398.0,2.0,2.0,21.0,0.0,0.0,0.0,0.0,1.0,14.979999999999997,74.8251748251748,14.979999999999997,1.1122222222222224,3.1877777777777774,-9.9,-11.011000000000003,25.820999999999994
Demond Claiborne,RB,MIN,107,10.0,1.2,8.0,-22.0,71.0,24.8,24.8,18.0,0.0,0.0,0.0,138.0,1.0,4.0,30.0,0.0,1.0,-14.8,-59.67741935483871,14.8,1.3777777777777778,-0.1777777777777778,-10.0,-13.777777777777779,-1.4222222222222225
Treylon Burks,WR,WAS,137,20.0,2.2,8.9,-15.0,95.0,34.8,34.8,18.0,0.0,0.0,0.0,16.0,0.0,12.0,152.0,1.0,0.0,-14.799999999999997,-42.5287356321839,14.799999999999997,1.9333333333333331,0.26666666666666705,-9.1,-17.59333333333333,2.373333333333337
Josh Allen,QB,BUF,1,337.0,22.2,15.2,257.0,421.0,351.5,361.5,18.0,3650.0,27.0,10.0,535.0,11.0,0.0,0.0,0.0,3.0,-14.5,-4.125177809388336,14.5,19.52777777777778,2.6722222222222207,-2.8000000000000007,-54.67777777777779,40.617777777777754
Luke Musgrave,TE,GB,44,55.0,4.9,11.4,0.0,101.0,40.6,40.6,18.0,0.0,0.0,0.0,0.0,0.0,17.0,176.0,1.0,0.0,14.399999999999999,35.4679802955665,14.399999999999999,2.2555555555555555,2.644444444444445,-6.6,-14.886666666666665,30.146666666666672
Harrison Butker,K,KC,15,114.0,7.8,14.6,83.0,132.0,100.0,100.0,18.0,0.0,0.0,0.0,0.0,0.0,0.0,0.0,0.0,0.0,14.0,14.000000000000002,14.0,5.555555555555555,2.2444444444444445,-3.4000000000000004,-18.88888888888889,32.76888888888889
D'Andre Swift,RB,CHI,16,194.0,13.8,14.1,152.0,250.0,208.0,208.0,18.0,0.0,0.0,0.0,978.0,7.0,37.0,272.0,1.0,1.0,-14.0,-6.730769230769231,14.0,11.555555555555555,2.2444444444444454,-3.9000000000000004,-45.06666666666667,31.64666666666668
Oronde Gadsden II,TE,LAC,18,128.0,9.8,13.0,56.0,183.0,141.8,141.8,18.0,0.0,0.0,0.0,0.0,0.0,56.0,618.0,4.0,0.0,-13.800000000000011,-9.732016925246834,13.800000000000011,7.877777777777778,1.9222222222222225,-5.0,-39.38888888888889,24.988888888888894
Chimere Dike,WR,TEN,60,109.0,7.9,13.7,14.0,180.0,95.4,89.4,18.0,0.0,0.0,0.0,30.0,0.0,38.0,384.0,2.0,1.0,13.599999999999994,14.255765199161418,13.599999999999994,5.300000000000001,2.5999999999999996,-4.300000000000001,-22.790000000000006,35.61999999999999
Marquise Brown,WR,PHI,98,54.0,4.4,12.4,0.0,153.0,67.5,67.5,18.0,0.0,0.0,0.0,0.0,0.0,25.0,305.0,2.0,0.0,-13.5,-20.0,13.5,3.75,0.6500000000000004,-5.6,-21.0,8.060000000000004
Audric Estimé,RB,NO,70,36.0,3.4,10.5,0.0,132.0,22.599999999999998,22.6,18.0,0.0,0.0,0.0,119.0,1.0,3.0,17.0,0.0,0.0,13.400000000000002,59.292035398230105,13.400000000000002,1.2555555555555555,2.1444444444444444,-7.5,-9.416666666666666,22.516666666666666
Mack Hollins,WR,NE,79,71.0,5.8,12.1,8.0,135.0,57.6,57.6,18.0,0.0,0.0,0.0,6.0,0.0,20.0,250.0,2.0,0.0,13.399999999999999,23.263888888888886,13.399999999999999,3.2,2.5999999999999996,-5.9,-18.880000000000003,31.459999999999994
Kyle Pitts,TE,ATL,5,185.0,13.0,14.3,140.0,237.0,171.60000000000002,171.6,18.0,0.0,0.0,0.0,0.0,0.0,66.0,756.0,5.0,0.0,13.399999999999977,7.808857808857795,13.399999999999977,9.533333333333335,3.466666666666665,-3.6999999999999993,-35.27333333333333,49.57333333333331
Caleb Williams,QB,CHI,8,276.0,18.8,14.7,218.0,407.0,289.34,299.34,18.0,3651.0,28.0,10.0,373.0,3.0,0.0,0.0,0.0,3.0,-13.339999999999975,-4.610492845786955,13.339999999999975,16.074444444444442,2.725555555555559,-3.3000000000000007,-53.04566666666667,40.065666666666715
Tommy Tremble,TE,CAR,52,45.0,3.7,12.0,5.0,87.0,31.8,31.8,18.0,0.0,0.0,0.0,0.0,0.0,13.0,128.0,1.0,0.0,13.2,41.50943396226415,13.2,1.7666666666666666,1.9333333333333336,-6.0,-10.6,23.200000000000003
Drake London,WR,ATL,4,237.0,17.7,13.4,168.0,289.0,250.2,250.2,18.0,0.0,0.0,0.0,6.0,0.0,90.0,1156.0,7.0,0.0,-13.199999999999989,-5.275779376498797,13.199999999999989,13.899999999999999,3.8000000000000007,-4.6,-63.93999999999999,50.92000000000001
Marvin Mims Jr.,WR,DEN,70,89.0,6.6,13.5,0.0,164.0,75.9,69.9,18.0,0.0,0.0,0.0,36.0,0.0,27.0,293.0,2.0,1.0,13.099999999999994,17.259552042160728,13.099999999999994,4.216666666666667,2.383333333333333,-4.5,-18.975,32.175
Breece Hall,RB,NYJ,14,198.0,14.3,13.9,137.0,240.0,211.00000000000003,211.0,18.0,0.0,0.0,0.0,986.0,6.0,37.0,314.0,2.0,2.0,-13.000000000000028,-6.161137440758306,13.000000000000028,11.722222222222223,2.5777777777777775,-4.1,-48.06111111111111,35.831111111111106
Lil'Jordan Humphrey,WR,DEN,156,11.0,1.4,7.7,-3.0,56.0,24.0,24.0,18.0,0.0,0.0,0.0,0.0,0.0,8.0,100.0,1.0,0.0,-13.0,-54.166666666666664,13.0,1.3333333333333333,0.06666666666666665,-10.3,-13.733333333333334,0.5133333333333332
HOU DST,DST,HOU,2,107.0,6.7,16.0,82.0,133.0,120.0,104.0,1.0,0.0,0.0,0.0,0.0,0.0,0.0,0.0,0.0,0.0,-13.0,-10.833333333333334,13.0,120.0,-113.3,15.0,1800.0,-1812.8
Chris Olave,WR,NO,7,223.0,16.3,13.6,161.0,264.0,235.9,235.9,18.0,0.0,0.0,0.0,6.0,0.0,82.0,1093.0,7.0,0.0,-12.900000000000006,-5.46841882153455,12.900000000000006,13.105555555555556,3.1944444444444446,-4.4,-57.66444444444445,43.44444444444444
Tre Harris,WR,LAC,64,100.0,7.2,13.9,12.0,173.0,112.9,112.9,18.0,0.0,0.0,0.0,6.0,0.0,39.0,493.0,4.0,0.0,-12.900000000000006,-11.426040744021263,12.900000000000006,6.272222222222222,0.927777777777778,-4.1,-25.716111111111108,12.896111111111114
Kaden Wetjen,WR,PIT,130,23.0,2.3,10.0,-28.0,93.0,10.2,4.2,18.0,0.0,0.0,0.0,0.0,0.0,2.0,22.0,0.0,0.0,12.8,125.4901960784314,12.8,0.5666666666666667,1.7333333333333332,-8.0,-4.533333333333333,17.333333333333332
Isaiah Hodgins,WR,NYG,133,22.0,2.5,9.0,0.0,71.0,9.2,9.2,18.0,0.0,0.0,0.0,0.0,0.0,4.0,52.0,0.0,0.0,12.8,139.13043478260872,12.8,0.5111111111111111,1.988888888888889,-9.0,-4.6,17.9
Eli Stowers,TE,PHI,34,69.0,6.2,11.1,21.0,137.0,81.4,81.4,18.0,0.0,0.0,0.0,5.0,0.0,31.0,319.0,3.0,0.0,-12.400000000000006,-15.23341523341524,12.400000000000006,4.522222222222222,1.677777777777778,-6.9,-31.203333333333333,18.623333333333335
Tahj Brooks,RB,CIN,100,12.0,1.1,11.1,-31.0,86.0,24.400000000000002,24.4,18.0,0.0,0.0,0.0,132.0,1.0,3.0,22.0,0.0,0.0,-12.400000000000002,-50.81967213114754,12.400000000000002,1.3555555555555556,-0.25555555555555554,-6.9,-9.353333333333333,-2.8366666666666664
Mo Alie-Cox,TE,IND,110,3.0,0.4,8.2,-3.0,32.0,15.4,15.4,18.0,0.0,0.0,0.0,0.0,0.0,8.0,74.0,0.0,0.0,-12.4,-80.51948051948052,12.4,0.8555555555555556,-0.4555555555555556,-9.8,-8.384444444444446,-3.7355555555555555
Ameer Abdullah,RB,JAX,93,17.0,1.7,10.0,-28.0,92.0,4.8,4.8,18.0,0.0,0.0,0.0,13.0,0.0,2.0,15.0,0.0,0.0,12.2,254.16666666666666,12.2,0.26666666666666666,1.4333333333333333,-8.0,-2.1333333333333333,14.333333333333334
Elijah Moore,WR,PHI,151,12.0,1.4,8.9,-14.0,84.0,0.0,0.0,18.0,0.0,0.0,0.0,0.0,0.0,0.0,0.0,0.0,0.0,12.0,,12.0,0.0,1.4,-9.1,0.0,12.459999999999999
Noah Whittington,RB,HOU,101,12.0,1.9,6.2,-17.0,57.0,0.0,0.0,18.0,0.0,0.0,0.0,0.0,0.0,0.0,0.0,0.0,0.0,12.0,,12.0,0.0,1.9,-11.8,0.0,11.78
Jared Wayne,WR,HOU,153,12.0,2.1,5.5,-15.0,47.0,0.0,0.0,18.0,0.0,0.0,0.0,0.0,0.0,0.0,0.0,0.0,0.0,12.0,,12.0,0.0,2.1,-12.5,0.0,11.55
Michael Wilson,WR,ARI,19,178.0,12.8,13.9,119.0,227.0,166.0,166.0,18.0,0.0,0.0,0.0,6.0,0.0,59.0,764.0,5.0,0.0,12.0,7.228915662650602,12.0,9.222222222222221,3.5777777777777793,-4.1,-37.8111111111111,49.73111111111113
JuJu Smith-Schuster,WR,NYG,144,16.0,1.6,10.5,-25.0,105.0,4.1,4.1,18.0,0.0,0.0,0.0,1.0,0.0,2.0,20.0,0.0,0.0,11.9,290.24390243902445,11.9,0.22777777777777775,1.3722222222222222,-7.5,-1.708333333333333,14.408333333333333
Ty Johnson,RB,BUF,62,44.0,3.6,12.2,0.0,112.0,55.800000000000004,55.8,18.0,0.0,0.0,0.0,137.0,1.0,17.0,131.0,1.0,0.0,-11.800000000000004,-21.146953405017925,11.800000000000004,3.1,0.5,-5.800000000000001,-17.980000000000004,6.1
Javonte Williams,RB,DAL,12,219.0,15.3,14.3,115.0,288.0,207.3,207.3,18.0,0.0,0.0,0.0,1004.0,7.0,37.0,239.0,1.0,1.0,11.699999999999989,5.643994211287982,11.699999999999989,11.516666666666667,3.783333333333333,-3.6999999999999993,-42.611666666666665,54.10166666666667
Jaxon Smith-Njigba,WR,SEA,3,273.0,25.8,10.6,145.0,273.0,284.6,284.6,18.0,0.0,0.0,0.0,33.0,0.0,99.0,1343.0,8.0,1.0,-11.600000000000023,-4.075895994378082,11.600000000000023,15.811111111111112,9.988888888888889,-7.4,-117.00222222222223,105.88222222222223
George Kittle,TE,SF,8,158.0,13.5,11.7,119.0,200.0,169.3,169.3,18.0,0.0,0.0,0.0,0.0,0.0,62.0,713.0,6.0,0.0,-11.300000000000011,-6.674542232722984,11.300000000000011,9.405555555555557,4.094444444444443,-6.300000000000001,-59.25500000000002,47.90499999999998
Dont'e Thornton Jr.,WR,LV,145,16.0,1.6,10.4,-29.0,80.0,4.7,4.7,18.0,0.0,0.0,0.0,0.0,0.0,2.0,27.0,0.0,0.0,11.3,240.4255319148936,11.3,0.2611111111111111,1.338888888888889,-7.6,-1.9844444444444445,13.924444444444447
Tanner Hudson,TE,CIN,78,17.0,2.3,7.4,0.0,42.0,5.800000000000001,5.8,18.0,0.0,0.0,0.0,0.0,0.0,3.0,28.0,0.0,0.0,11.2,193.10344827586204,11.2,0.32222222222222224,1.9777777777777776,-10.6,-3.4155555555555557,14.635555555555555
Bauer Sharp,TE,TB,86,11.0,1.5,7.1,-2.0,47.0,0.0,0.0,18.0,0.0,0.0,0.0,0.0,0.0,0.0,0.0,0.0,0.0,11.0,,11.0,0.0,1.5,-10.9,0.0,10.649999999999999
LV DST,DST,LV,23,86.0,5.4,16.0,56.0,130.0,75.0,65.0,1.0,0.0,0.0,0.0,0.0,0.0,0.0,0.0,0.0,0.0,11.0,14.666666666666666,11.0,75.0,-69.6,15.0,1125.0,-1113.6
Corey Kiner,RB,ARI,103,11.0,1.6,7.1,-20.0,50.0,0.0,0.0,18.0,0.0,0.0,0.0,0.0,0.0,0.0,0.0,0.0,0.0,11.0,,11.0,0.0,1.6,-10.9,0.0,11.36
Blake Grupe,K,IND,19,110.0,7.7,14.4,89.0,128.0,99.0,99.0,18.0,0.0,0.0,0.0,0.0,0.0,0.0,0.0,0.0,0.0,11.0,11.11111111111111,11.0,5.5,2.2,-3.5999999999999996,-19.799999999999997,31.680000000000003
LAC DST,DST,LAC,3,107.0,6.7,16.0,78.0,134.0,96.0,86.0,1.0,0.0,0.0,0.0,0.0,0.0,0.0,0.0,0.0,0.0,11.0,11.458333333333332,11.0,96.0,-89.3,15.0,1440.0,-1428.8
Tua Tagovailoa,QB,ATL,29,119.0,13.0,9.2,11.0,161.0,129.94,137.94,18.0,2141.0,14.0,8.0,43.0,0.0,0.0,0.0,0.0,4.0,-10.939999999999998,-8.41927043250731,10.939999999999998,7.2188888888888885,5.7811111111111115,-8.8,-63.52622222222222,53.18622222222222
Brian Robinson,RB,ATL,55,59.0,5.3,11.1,0.0,146.0,69.9,69.9,18.0,0.0,0.0,0.0,358.0,2.0,13.0,91.0,0.0,0.0,-10.900000000000006,-15.593705293276116,10.900000000000006,3.8833333333333337,1.416666666666666,-6.9,-26.795000000000005,15.724999999999993
Tyrod Taylor,QB,GB,71,1.0,0.2,3.7,-8.0,51.0,11.899999999999999,12.9,18.0,205.0,1.0,1.0,17.0,0.0,0.0,0.0,0.0,0.0,-10.899999999999999,-91.59663865546219,10.899999999999999,0.661111111111111,-0.46111111111111097,-14.3,-9.453888888888887,-1.7061111111111107
Jaleel McLaughlin,RB,DEN,92,18.0,1.9,9.3,-26.0,58.0,7.5,7.5,18.0,0.0,0.0,0.0,40.0,0.0,2.0,15.0,0.0,0.0,10.5,140.0,10.5,0.4166666666666667,1.4833333333333332,-8.7,-3.625,13.795
Ryan Fitzgerald,K,CAR,27,102.0,7.7,13.2,74.0,122.0,92.0,92.0,18.0,0.0,0.0,0.0,0.0,0.0,0.0,0.0,0.0,0.0,10.0,10.869565217391305,10.0,5.111111111111111,2.5888888888888895,-4.800000000000001,-24.533333333333335,34.17333333333334
AJ Dillon,RB,CAR,105,10.0,1.4,6.8,-19.0,39.0,0.0,0.0,18.0,0.0,0.0,0.0,0.0,0.0,0.0,0.0,0.0,0.0,10.0,,10.0,0.0,1.4,-11.2,0.0,9.52
Cameron Latu,TE,PHI,82,14.0,1.6,8.4,-3.0,52.0,4.0,4.0,18.0,0.0,0.0,0.0,0.0,0.0,2.0,20.0,0.0,0.0,10.0,250.0,10.0,0.2222222222222222,1.3777777777777778,-9.6,-2.1333333333333333,11.573333333333334
PHI DST,DST,PHI,12,98.0,6.1,16.0,74.0,127.0,108.0,98.0,1.0,0.0,0.0,0.0,0.0,0.0,0.0,0.0,0.0,0.0,-10.0,-9.25925925925926,10.0,108.0,-101.9,15.0,1620.0,-1630.4
James Mitchell,TE,CAR,87,10.0,1.7,5.8,-2.0,27.0,0.0,0.0,18.0,0.0,0.0,0.0,0.0,0.0,0.0,0.0,0.0,0.0,10.0,,10.0,0.0,1.7,-12.2,0.0,9.86
Tyler Loop,K,BAL,33,96.0,7.2,13.2,78.0,119.0,106.0,106.0,18.0,0.0,0.0,0.0,0.0,0.0,0.0,0.0,0.0,0.0,-10.0,-9.433962264150944,10.0,5.888888888888889,1.311111111111111,-4.800000000000001,-28.266666666666673,17.30666666666666
Evan McPherson,K,CIN,13,116.0,7.9,14.8,96.0,133.0,106.0,106.0,18.0,0.0,0.0,0.0,0.0,0.0,0.0,0.0,0.0,0.0,10.0,9.433962264150944,10.0,5.888888888888889,2.011111111111111,-3.1999999999999993,-18.84444444444444,29.764444444444447
Kenny Pickett,QB,CAR,56,10.0,2.8,3.5,-8.0,51.0,0.0,0.0,18.0,0.0,0.0,0.0,0.0,0.0,0.0,0.0,0.0,0.0,10.0,,10.0,0.0,2.8,-14.5,0.0,9.799999999999999
Aaron Rodgers,QB,PIT,24,180.0,14.6,12.4,124.0,215.0,170.0,177.0,18.0,2700.0,18.0,7.0,60.0,0.0,0.0,0.0,0.0,2.0,10.0,5.88235294117647,10.0,9.444444444444445,5.155555555555555,-5.6,-52.888888888888886,63.928888888888885
Jalen Milroe,QB,SEA,67,3.0,0.6,5.8,-13.0,67.0,12.86,13.86,18.0,164.0,1.0,1.0,43.0,0.0,0.0,0.0,0.0,0.0,-9.86,-76.67185069984448,9.86,0.7144444444444444,-0.11444444444444446,-12.2,-8.716222222222221,-0.6637777777777778
Malik Davis,RB,DAL,86,24.0,2.8,8.7,-24.0,83.0,33.7,33.7,18.0,0.0,0.0,0.0,178.0,1.0,6.0,39.0,0.0,0.0,-9.700000000000003,-28.783382789317514,9.700000000000003,1.8722222222222225,0.9277777777777774,-9.3,-17.41166666666667,8.071666666666662
Tyrone Tracy Jr.,RB,NYG,31,121.0,9.1,13.3,43.0,193.0,111.30000000000001,111.3,18.0,0.0,0.0,0.0,528.0,3.0,21.0,155.0,1.0,1.0,9.699999999999989,8.71518418688229,9.699999999999989,6.183333333333334,2.916666666666666,-4.699999999999999,-29.061666666666664,38.791666666666664
Tyler Huntley,QB,BAL,69,2.0,0.6,2.9,-6.0,34.0,11.680000000000001,12.68,18.0,182.0,1.0,1.0,24.0,0.0,0.0,0.0,0.0,0.0,-9.680000000000001,-82.87671232876713,9.680000000000001,0.648888888888889,-0.04888888888888898,-15.1,-9.798222222222224,-0.14177777777777803
Cade Otton,TE,TB,22,113.0,8.3,13.6,49.0,144.0,122.30000000000001,122.3,18.0,0.0,0.0,0.0,0.0,0.0,53.0,513.0,3.0,0.0,-9.300000000000011,-7.604251839738358,9.300000000000011,6.794444444444445,1.5055555555555555,-4.4,-29.89555555555556,20.475555555555555
Tony Pollard,RB,TEN,25,151.0,11.2,13.4,66.0,211.0,160.1,160.1,18.0,0.0,0.0,0.0,794.0,5.0,28.0,187.0,1.0,1.0,-9.099999999999994,-5.6839475327920015,9.099999999999994,8.894444444444444,2.3055555555555554,-4.6,-40.91444444444444,30.894444444444442
Nick Mullens,QB,JAX,68,2.0,0.7,2.7,-6.0,11.0,11.04,12.04,18.0,211.0,1.0,1.0,6.0,0.0,0.0,0.0,0.0,0.0,-9.04,-81.88405797101449,9.04,0.6133333333333333,0.08666666666666667,-15.3,-9.384,0.234
PIT DST,DST,PIT,4,107.0,6.7,16.0,74.0,134.0,98.0,88.0,1.0,0.0,0.0,0.0,0.0,0.0,0.0,0.0,0.0,0.0,9.0,9.183673469387756,9.0,98.0,-91.3,15.0,1470.0,-1460.8
CHI DST,DST,CHI,6,104.0,6.5,16.0,65.0,140.0,95.0,85.0,1.0,0.0,0.0,0.0,0.0,0.0,0.0,0.0,0.0,0.0,9.0,9.473684210526317,9.0,95.0,-88.5,15.0,1425.0,-1416.0
ATL DST,DST,ATL,8,102.0,6.4,16.0,75.0,126.0,93.0,83.0,1.0,0.0,0.0,0.0,0.0,0.0,0.0,0.0,0.0,0.0,9.0,9.67741935483871,9.0,93.0,-86.6,15.0,1395.0,-1385.6
CIN DST,DST,CIN,28,80.0,5.0,16.0,52.0,115.0,89.0,79.0,1.0,0.0,0.0,0.0,0.0,0.0,0.0,0.0,0.0,0.0,-9.0,-10.112359550561797,9.0,89.0,-84.0,15.0,1335.0,-1344.0
TEN DST,DST,TEN,24,86.0,5.4,16.0,54.0,139.0,77.0,67.0,1.0,0.0,0.0,0.0,0.0,0.0,0.0,0.0,0.0,0.0,9.0,11.688311688311687,9.0,77.0,-71.6,15.0,1155.0,-1145.6
Moliki Matavao,TE,NO,93,9.0,1.6,5.7,-2.0,25.0,0.0,0.0,18.0,0.0,0.0,0.0,0.0,0.0,0.0,0.0,0.0,0.0,9.0,,9.0,0.0,1.6,-12.3,0.0,9.120000000000001
C.J. Stroud,QB,HOU,14,227.0,16.7,13.6,158.0,288.0,235.82,247.82,18.0,3593.0,22.0,12.0,201.0,2.0,0.0,0.0,0.0,3.0,-8.819999999999993,-3.7401407853447517,8.819999999999993,13.101111111111111,3.5988888888888884,-4.4,-57.64488888888889,48.94488888888888
Devin Culp,TE,TB,79,16.0,2.3,7.2,-2.0,42.0,7.300000000000001,7.3,18.0,0.0,0.0,0.0,0.0,0.0,4.0,33.0,0.0,0.0,8.7,119.17808219178082,8.7,0.4055555555555556,1.8944444444444442,-10.8,-4.380000000000001,13.639999999999999
Shane Zylstra,TE,BUF,85,11.0,2.0,5.6,-2.0,28.0,2.3,2.3,18.0,0.0,0.0,0.0,0.0,0.0,1.0,13.0,0.0,0.0,8.7,378.2608695652174,8.7,0.12777777777777777,1.8722222222222222,-12.4,-1.5844444444444443,10.484444444444444
Luke Schoonmaker,TE,DAL,59,40.0,3.5,11.3,0.0,74.0,31.4,31.4,18.0,0.0,0.0,0.0,0.0,0.0,13.0,124.0,1.0,0.0,8.600000000000001,27.388535031847137,8.600000000000001,1.7444444444444445,1.7555555555555555,-6.699999999999999,-11.687777777777777,19.837777777777777
Hunter Henry,TE,NE,10,145.0,11.1,13.0,83.0,177.0,153.5,153.5,18.0,0.0,0.0,0.0,0.0,0.0,58.0,655.0,5.0,0.0,-8.5,-5.537459283387622,8.5,8.527777777777779,2.572222222222221,-5.0,-42.63888888888889,33.438888888888876
Joe Milton III,QB,DAL,66,3.0,0.7,4.3,-9.0,44.0,11.4,12.4,18.0,195.0,1.0,1.0,16.0,0.0,0.0,0.0,0.0,0.0,-8.4,-73.68421052631578,8.4,0.6333333333333333,0.06666666666666665,-13.7,-8.676666666666666,0.28666666666666657
Elijah Mitchell,RB,PHI,137,1.0,0.1,6.7,-19.0,57.0,9.3,9.3,18.0,0.0,0.0,0.0,59.0,0.0,2.0,14.0,0.0,0.0,-8.3,-89.24731182795699,8.3,0.5166666666666667,-0.41666666666666674,-11.3,-5.838333333333335,-2.7916666666666674
Isaac Guerendo,RB,SF,98,13.0,1.6,8.5,-24.0,51.0,21.200000000000003,21.2,18.0,0.0,0.0,0.0,116.0,1.0,2.0,16.0,0.0,0.0,-8.200000000000003,-38.67924528301888,8.200000000000003,1.177777777777778,0.42222222222222205,-9.5,-11.188888888888892,3.5888888888888877
Van Jefferson,WR,WAS,146,15.0,1.7,8.9,-4.0,89.0,6.800000000000001,6.8,18.0,0.0,0.0,0.0,0.0,0.0,3.0,38.0,0.0,0.0,8.2,120.58823529411762,8.2,0.3777777777777778,1.3222222222222222,-9.1,-3.4377777777777783,11.767777777777779
Dyami Brown,WR,WAS,150,13.0,1.3,9.7,-4.0,97.0,4.9,4.9,18.0,0.0,0.0,0.0,6.0,0.0,2.0,23.0,0.0,0.0,8.1,165.30612244897958,8.1,0.27222222222222225,1.0277777777777777,-8.3,-2.259444444444445,9.969444444444443
Elijah Higgins,TE,ARI,48,50.0,3.8,13.1,0.0,102.0,41.900000000000006,41.9,18.0,0.0,0.0,0.0,0.0,0.0,18.0,179.0,1.0,0.0,8.099999999999994,19.33174224343674,8.099999999999994,2.327777777777778,1.4722222222222219,-4.9,-11.406111111111112,19.286111111111104
DEN DST,DST,DEN,11,98.0,6.2,16.0,67.0,138.0,106.0,96.0,1.0,0.0,0.0,0.0,0.0,0.0,0.0,0.0,0.0,0.0,-8.0,-7.547169811320755,8.0,106.0,-99.8,15.0,1590.0,-1596.8
Will Mallory,TE,IND,96,8.0,1.3,6.6,-2.0,32.0,0.0,0.0,18.0,0.0,0.0,0.0,0.0,0.0,0.0,0.0,0.0,0.0,8.0,,8.0,0.0,1.3,-11.4,0.0,8.58
Kendall Milton,RB,CIN,110,8.0,1.4,5.4,-15.0,46.0,0.0,0.0,18.0,0.0,0.0,0.0,0.0,0.0,0.0,0.0,0.0,0.0,8.0,,8.0,0.0,1.4,-12.6,0.0,7.56
Jaxson Dart,QB,NYG,7,277.0,19.7,14.1,159.0,372.0,284.54,296.54,18.0,3366.0,22.0,12.0,539.0,6.0,0.0,0.0,0.0,3.0,-7.5400000000000205,-2.64989105222465,7.5400000000000205,15.80777777777778,3.8922222222222196,-3.9000000000000004,-61.65033333333334,54.8803333333333
Isaiah Davis,RB,NYJ,57,53.0,4.3,12.3,0.0,120.0,60.5,60.5,18.0,0.0,0.0,0.0,261.0,2.0,13.0,94.0,0.0,0.0,-7.5,-12.396694214876034,7.5,3.361111111111111,0.9388888888888887,-5.699999999999999,-19.15833333333333,11.548333333333332
Cade Stover,TE,HOU,73,26.0,2.9,9.2,0.0,54.0,33.2,33.2,18.0,0.0,0.0,0.0,2.0,0.0,14.0,130.0,1.0,0.0,-7.200000000000003,-21.686746987951814,7.200000000000003,1.8444444444444446,1.0555555555555554,-8.8,-16.23111111111111,9.711111111111109
Fernando Mendoza,QB,LV,22,194.0,16.5,11.8,31.0,254.0,201.16,212.16,18.0,2894.0,19.0,11.0,234.0,2.0,0.0,0.0,0.0,3.0,-7.159999999999997,-3.5593557367269817,7.159999999999997,11.175555555555555,5.324444444444445,-6.199999999999999,-69.28844444444444,62.82844444444446
Tre Tucker,WR,LV,44,133.0,9.4,14.1,53.0,196.0,125.9,125.9,18.0,0.0,0.0,0.0,37.0,0.0,46.0,582.0,3.0,0.0,7.099999999999994,5.6393963463065875,7.099999999999994,6.9944444444444445,2.405555555555556,-3.9000000000000004,-27.278333333333336,33.91833333333334
Casey Washington,WR,ATL,169,7.0,0.9,7.3,-20.0,30.0,0.0,0.0,18.0,0.0,0.0,0.0,0.0,0.0,0.0,0.0,0.0,0.0,7.0,,7.0,0.0,0.9,-10.7,0.0,6.57
Amar Johnson,RB,LAC,112,7.0,1.0,6.3,-18.0,34.0,0.0,0.0,18.0,0.0,0.0,0.0,0.0,0.0,0.0,0.0,0.0,0.0,7.0,,7.0,0.0,1.0,-11.7,0.0,6.3
JAX DST,DST,JAX,1,108.0,6.8,15.9,70.0,150.0,101.0,91.0,1.0,0.0,0.0,0.0,0.0,0.0,0.0,0.0,0.0,0.0,7.0,6.9306930693069315,7.0,101.0,-94.2,14.9,1504.9,-1497.78
Andy Borregales,K,NE,26,103.0,7.7,13.5,85.0,123.0,96.0,96.0,18.0,0.0,0.0,0.0,0.0,0.0,0.0,0.0,0.0,0.0,7.0,7.291666666666667,7.0,5.333333333333333,2.366666666666667,-4.5,-24.0,31.950000000000006
Drake Maye,QB,NE,6,303.0,21.5,14.1,211.0,390.0,309.76,320.76,18.0,3854.0,29.0,11.0,416.0,4.0,0.0,0.0,0.0,3.0,-6.759999999999991,-2.182334710743799,6.759999999999991,17.20888888888889,4.29111111111111,-3.9000000000000004,-67.11466666666668,60.50466666666666
Michael Penix Jr.,QB,ATL,32,110.0,12.1,9.1,7.0,158.0,103.38000000000001,108.38,18.0,1567.0,10.0,5.0,67.0,1.0,0.0,0.0,0.0,2.0,6.61999999999999,6.4035596827239205,6.61999999999999,5.743333333333334,6.356666666666666,-8.9,-51.11566666666668,57.84566666666665
Tyler Johnson,WR,DAL,149,13.0,1.9,7.0,-19.0,53.0,6.5,6.5,18.0,0.0,0.0,0.0,0.0,0.0,3.0,35.0,0.0,0.0,6.5,100.0,6.5,0.3611111111111111,1.5388888888888888,-11.0,-3.9722222222222223,10.772222222222222
Quinn Ewers,QB,MIA,59,5.0,0.9,5.6,-12.0,71.0,11.4,12.4,18.0,195.0,1.0,1.0,16.0,0.0,0.0,0.0,0.0,0.0,-6.4,-56.14035087719298,6.4,0.6333333333333333,0.2666666666666667,-12.4,-7.8533333333333335,1.4933333333333336
Tip Reiman,TE,ARI,92,9.0,1.0,9.3,-3.0,44.0,15.4,15.4,18.0,0.0,0.0,0.0,0.0,0.0,8.0,74.0,0.0,0.0,-6.4,-41.55844155844156,6.4,0.8555555555555556,0.14444444444444438,-8.7,-7.443333333333333,1.3433333333333328
Xavier Restrepo,WR,TEN,158,11.0,1.8,6.0,-17.0,44.0,4.800000000000001,4.8,18.0,0.0,0.0,0.0,6.0,0.0,2.0,22.0,0.0,0.0,6.199999999999999,129.16666666666663,6.199999999999999,0.2666666666666667,1.5333333333333332,-12.0,-3.2000000000000006,9.2
NO DST,DST,NO,10,99.0,6.2,16.0,75.0,123.0,93.0,77.0,1.0,0.0,0.0,0.0,0.0,0.0,0.0,0.0,0.0,0.0,6.0,6.451612903225806,6.0,93.0,-86.8,15.0,1395.0,-1388.8
Robert Henry Jr.,RB,WAS,114,6.0,0.9,6.5,-18.0,54.0,0.0,0.0,18.0,0.0,0.0,0.0,0.0,0.0,0.0,0.0,0.0,0.0,6.0,,6.0,0.0,0.9,-11.5,0.0,5.8500000000000005
Jaylin Lane,WR,WAS,113,38.0,2.8,13.3,0.0,108.0,43.7,37.7,18.0,0.0,0.0,0.0,14.0,0.0,14.0,163.0,1.0,0.0,-5.700000000000003,-13.04347826086957,5.700000000000003,2.427777777777778,0.3722222222222218,-4.699999999999999,-11.410555555555556,4.95055555555555
Darius Cooper,WR,PHI,193,1.0,0.1,6.8,-19.0,32.0,6.7,6.7,18.0,0.0,0.0,0.0,0.0,0.0,3.0,37.0,0.0,0.0,-5.7,-85.07462686567165,5.7,0.37222222222222223,-0.27222222222222225,-11.2,-4.168888888888889,-1.8511111111111114
Tyler Badie,RB,DEN,96,14.0,1.3,10.7,-30.0,57.0,8.4,8.4,18.0,0.0,0.0,0.0,16.0,0.0,4.0,28.0,0.0,0.0,5.6,66.66666666666666,5.6,0.4666666666666667,0.8333333333333334,-7.300000000000001,-3.406666666666667,8.916666666666666
DeMario Douglas,WR,NE,72,86.0,6.1,14.1,1.0,140.0,80.4,80.4,18.0,0.0,0.0,0.0,34.0,0.0,29.0,360.0,2.0,0.0,5.599999999999994,6.965174129353226,5.599999999999994,4.466666666666667,1.6333333333333329,-3.9000000000000004,-17.42,23.029999999999994
Daniel Jones,QB,IND,17,207.0,15.5,13.3,155.0,297.0,212.54,223.54,18.0,3286.0,19.0,11.0,191.0,2.0,0.0,0.0,0.0,3.0,-5.539999999999992,-2.606568175402274,5.539999999999992,11.807777777777778,3.692222222222222,-4.699999999999999,-55.496555555555545,49.10655555555556
Sam Roush,TE,CHI,60,39.0,4.4,8.7,9.0,87.0,33.5,33.5,18.0,0.0,0.0,0.0,0.0,0.0,14.0,135.0,1.0,0.0,5.5,16.417910447761194,5.5,1.8611111111111112,2.538888888888889,-9.3,-17.308333333333334,22.088333333333335
Adam Trautman,TE,DEN,65,33.0,2.8,11.9,0.0,72.0,27.8,27.8,18.0,0.0,0.0,0.0,0.0,0.0,11.0,108.0,1.0,0.0,5.199999999999999,18.70503597122302,5.199999999999999,1.5444444444444445,1.2555555555555553,-6.1,-9.421111111111111,14.941111111111109
Malachi Corley,WR,CLE,154,12.0,1.2,9.8,-27.0,54.0,6.800000000000001,6.8,18.0,0.0,0.0,0.0,28.0,0.0,2.0,20.0,0.0,0.0,5.199999999999999,76.4705882352941,5.199999999999999,0.3777777777777778,0.8222222222222222,-8.2,-3.097777777777778,8.057777777777778
Payne Durham,TE,TB,111,3.0,0.4,6.5,-2.0,22.0,8.100000000000001,8.1,18.0,0.0,0.0,0.0,0.0,0.0,4.0,41.0,0.0,0.0,-5.100000000000001,-62.96296296296296,5.100000000000001,0.45000000000000007,-0.050000000000000044,-11.5,-5.175000000000001,-0.3250000000000003
Harrison Wallace,WR,ARI,181,5.0,0.9,5.1,-14.0,40.0,0.0,0.0,18.0,0.0,0.0,0.0,0.0,0.0,0.0,0.0,0.0,0.0,5.0,,5.0,0.0,0.9,-12.9,0.0,4.59
Evan Hull,RB,HOU,117,5.0,1.0,4.3,-12.0,35.0,0.0,0.0,18.0,0.0,0.0,0.0,0.0,0.0,0.0,0.0,0.0,0.0,5.0,,5.0,0.0,1.0,-13.7,0.0,4.3
Ulysses Bentley IV,RB,IND,118,5.0,1.0,5.2,-15.0,35.0,0.0,0.0,18.0,0.0,0.0,0.0,0.0,0.0,0.0,0.0,0.0,0.0,5.0,,5.0,0.0,1.0,-12.8,0.0,5.2
Vinny Anthony II,WR,ATL,179,5.0,0.7,6.2,-17.0,52.0,0.0,0.0,18.0,0.0,0.0,0.0,0.0,0.0,0.0,0.0,0.0,0.0,5.0,,5.0,0.0,0.7,-11.8,0.0,4.34
CJ Donaldson,RB,NO,120,5.0,1.3,4.0,-11.0,35.0,0.0,0.0,18.0,0.0,0.0,0.0,0.0,0.0,0.0,0.0,0.0,0.0,5.0,,5.0,0.0,1.3,-14.0,0.0,5.2
CAR DST,DST,CAR,18,92.0,5.8,16.0,66.0,139.0,97.0,81.0,1.0,0.0,0.0,0.0,0.0,0.0,0.0,0.0,0.0,0.0,-5.0,-5.154639175257731,5.0,97.0,-91.2,15.0,1455.0,-1459.2
Kylen Granson,TE,TEN,90,9.0,1.3,7.1,-2.0,23.0,4.0,4.0,18.0,0.0,0.0,0.0,0.0,0.0,2.0,20.0,0.0,0.0,5.0,125.0,5.0,0.2222222222222222,1.077777777777778,-10.9,-2.422222222222222,7.652222222222223
Trey McBride,TE,ARI,1,230.0,17.5,13.1,182.0,273.0,234.9,234.9,18.0,0.0,0.0,0.0,0.0,0.0,96.0,969.0,7.0,1.0,-4.900000000000006,-2.085994040017031,4.900000000000006,13.05,4.449999999999999,-4.9,-63.94500000000001,58.29499999999999
Jake Ferguson,TE,DAL,9,155.0,11.5,13.5,94.0,197.0,159.8,159.8,18.0,0.0,0.0,0.0,0.0,0.0,70.0,618.0,5.0,1.0,-4.800000000000011,-3.0037546933667154,4.800000000000011,8.877777777777778,2.622222222222222,-4.5,-39.95,35.39999999999999
Jerome Ford,RB,WAS,75,31.0,3.6,8.6,-2.0,81.0,26.299999999999997,26.3,18.0,0.0,0.0,0.0,99.0,1.0,6.0,44.0,0.0,0.0,4.700000000000003,17.87072243346009,4.700000000000003,1.461111111111111,2.1388888888888893,-9.4,-13.734444444444444,18.394444444444446
Dylan Sampson,RB,CLE,47,84.0,6.8,12.3,7.0,157.0,88.69999999999999,88.7,18.0,0.0,0.0,0.0,321.0,2.0,23.0,176.0,1.0,1.0,-4.699999999999989,-5.298759864712502,4.699999999999989,4.927777777777777,1.8722222222222227,-5.699999999999999,-28.088333333333328,23.02833333333334
Jordan Watkins,WR,SF,172,7.0,0.9,7.9,-22.0,52.0,2.4000000000000004,2.4,18.0,0.0,0.0,0.0,0.0,0.0,1.0,14.0,0.0,0.0,4.6,191.66666666666663,4.6,0.13333333333333336,0.7666666666666666,-10.1,-1.346666666666667,6.056666666666667
Jalen Hurts,QB,PHI,5,307.0,21.1,14.5,216.0,403.0,302.53999999999996,310.54,18.0,3326.0,21.0,8.0,515.0,9.0,0.0,0.0,0.0,3.0,4.460000000000036,1.4741852317049107,4.460000000000036,16.807777777777776,4.292222222222225,-3.5,-58.82722222222222,62.237222222222265
Chase Roberts,WR,LV,159,11.0,2.3,5.0,-14.0,45.0,6.6,6.6,18.0,0.0,0.0,0.0,0.0,0.0,3.0,36.0,0.0,0.0,4.4,66.66666666666667,4.4,0.36666666666666664,1.9333333333333331,-13.0,-4.766666666666667,9.666666666666666
Josh Oliver,TE,MIN,70,27.0,2.7,10.2,0.0,84.0,31.4,31.4,18.0,0.0,0.0,0.0,0.0,0.0,13.0,124.0,1.0,0.0,-4.399999999999999,-14.012738853503182,4.399999999999999,1.7444444444444445,0.9555555555555557,-7.800000000000001,-13.606666666666667,9.746666666666668
Riley Nowakowski,TE,PIT,83,14.0,2.0,6.8,-2.0,42.0,9.600000000000001,9.6,18.0,0.0,0.0,0.0,0.0,0.0,5.0,46.0,0.0,0.0,4.399999999999999,45.83333333333331,4.399999999999999,0.5333333333333334,1.4666666666666666,-11.2,-5.9733333333333345,9.973333333333333
Mason Rudolph,QB,PIT,54,15.0,3.4,4.4,-10.0,62.0,10.68,11.68,18.0,202.0,1.0,1.0,6.0,0.0,0.0,0.0,0.0,0.0,4.32,40.449438202247194,4.32,0.5933333333333333,2.8066666666666666,-13.6,-8.069333333333333,12.349333333333334
Tim Patrick,WR,NYJ,142,18.0,2.4,7.5,-21.0,66.0,13.7,13.7,18.0,0.0,0.0,0.0,0.0,0.0,6.0,77.0,0.0,0.0,4.300000000000001,31.386861313868618,4.300000000000001,0.7611111111111111,1.6388888888888888,-10.5,-7.991666666666666,12.291666666666666
Cam Ward,QB,TEN,15,219.0,16.3,13.4,72.0,323.0,214.84,227.84,18.0,3516.0,19.0,13.0,182.0,2.0,0.0,0.0,0.0,4.0,4.159999999999997,1.9363247067585163,4.159999999999997,11.935555555555556,4.364444444444445,-4.6,-54.903555555555556,58.48355555555556
Daniel Bellinger,TE,TEN,62,36.0,3.8,9.4,0.0,57.0,40.1,40.1,18.0,0.0,0.0,0.0,0.0,0.0,17.0,171.0,1.0,0.0,-4.100000000000001,-10.224438902743145,4.100000000000001,2.227777777777778,1.572222222222222,-8.6,-19.15888888888889,14.778888888888886
Tanner Conner,TE,NYG,106,4.0,0.7,5.3,-2.0,20.0,0.0,0.0,18.0,0.0,0.0,0.0,0.0,0.0,0.0,0.0,0.0,0.0,4.0,,4.0,0.0,0.7,-12.7,0.0,3.7099999999999995
Brady Cook,QB,NYJ,62,4.0,0.9,4.6,-10.0,49.0,0.0,0.0,18.0,0.0,0.0,0.0,0.0,0.0,0.0,0.0,0.0,0.0,4.0,,4.0,0.0,0.9,-13.4,0.0,4.14
Eli Heidenreich,RB,PIT,126,4.0,0.7,6.1,-17.0,49.0,0.0,0.0,18.0,0.0,0.0,0.0,0.0,0.0,0.0,0.0,0.0,0.0,4.0,,4.0,0.0,0.7,-11.9,0.0,4.27
Jared Wiley,TE,KC,107,4.0,0.7,5.4,-2.0,22.0,0.0,0.0,18.0,0.0,0.0,0.0,0.0,0.0,0.0,0.0,0.0,0.0,4.0,,4.0,0.0,0.7,-12.6,0.0,3.78
Roman Hemby,RB,LV,127,4.0,1.2,3.6,-10.0,32.0,0.0,0.0,18.0,0.0,0.0,0.0,0.0,0.0,0.0,0.0,0.0,0.0,4.0,,4.0,0.0,1.2,-14.4,0.0,4.32
Adrian Martinez,QB,SF,61,4.0,1.0,3.9,-9.0,42.0,0.0,0.0,18.0,0.0,0.0,0.0,0.0,0.0,0.0,0.0,0.0,0.0,4.0,,4.0,0.0,1.0,-14.1,0.0,3.9
NYG DST,DST,NYG,19,92.0,5.7,16.0,60.0,137.0,96.0,86.0,1.0,0.0,0.0,0.0,0.0,0.0,0.0,0.0,0.0,0.0,-4.0,-4.166666666666666,4.0,96.0,-90.3,15.0,1440.0,-1444.8
Austin Trammell,WR,JAX,183,4.0,0.6,6.7,-19.0,24.0,0.0,0.0,18.0,0.0,0.0,0.0,0.0,0.0,0.0,0.0,0.0,0.0,4.0,,4.0,0.0,0.6,-11.3,0.0,4.02
Laquon Treadwell,WR,IND,182,4.0,0.6,6.3,-18.0,69.0,0.0,0.0,18.0,0.0,0.0,0.0,0.0,0.0,0.0,0.0,0.0,0.0,4.0,,4.0,0.0,0.6,-11.7,0.0,3.78
BUF DST,DST,BUF,20,90.0,5.6,16.0,69.0,124.0,94.0,84.0,1.0,0.0,0.0,0.0,0.0,0.0,0.0,0.0,0.0,0.0,-4.0,-4.25531914893617,4.0,94.0,-88.4,15.0,1410.0,-1414.4
Josh Williams,RB,TB,125,4.0,0.7,6.0,-17.0,40.0,0.0,0.0,18.0,0.0,0.0,0.0,0.0,0.0,0.0,0.0,0.0,0.0,4.0,,4.0,0.0,0.7,-12.0,0.0,4.199999999999999
Nick Folk,K,ATL,29,99.0,8.0,12.3,72.0,120.0,95.0,95.0,18.0,0.0,0.0,0.0,0.0,0.0,0.0,0.0,0.0,0.0,4.0,4.2105263157894735,4.0,5.277777777777778,2.7222222222222223,-5.699999999999999,-30.08333333333333,33.483333333333334
Omar Cooper,WR,NYJ,48,131.0,11.1,11.8,27.0,181.0,127.1,127.1,18.0,0.0,0.0,0.0,14.0,0.0,45.0,567.0,4.0,0.0,3.9000000000000057,3.068450039339108,3.9000000000000057,7.061111111111111,4.038888888888889,-6.199999999999999,-43.77888888888888,47.65888888888889
Cole Kmet,TE,CHI,31,76.0,5.9,13.1,36.0,133.0,79.7,79.7,18.0,0.0,0.0,0.0,0.0,0.0,34.0,337.0,2.0,0.0,-3.700000000000003,-4.642409033877042,3.700000000000003,4.427777777777778,1.4722222222222223,-4.9,-21.696111111111115,19.28611111111111
Jalen Tolbert,WR,MIA,120,31.0,3.4,9.1,0.0,95.0,34.2,34.2,18.0,0.0,0.0,0.0,0.0,0.0,13.0,152.0,1.0,0.0,-3.200000000000003,-9.356725146198839,3.200000000000003,1.9000000000000001,1.4999999999999998,-8.9,-16.91,13.649999999999997
Isaac TeSlaa,WR,DET,74,84.0,6.6,12.7,9.0,167.0,87.1,87.1,18.0,0.0,0.0,0.0,9.0,0.0,28.0,402.0,3.0,0.0,-3.0999999999999943,-3.5591274397244486,3.0999999999999943,4.838888888888889,1.761111111111111,-5.300000000000001,-25.646111111111114,22.36611111111111
Dylan Drummond,WR,ATL,190,3.0,0.5,6.0,-17.0,30.0,0.0,0.0,18.0,0.0,0.0,0.0,0.0,0.0,0.0,0.0,0.0,0.0,3.0,,3.0,0.0,0.5,-12.0,0.0,3.0
Jake Browning,QB,TB,64,3.0,0.9,3.2,-7.0,44.0,0.0,0.0,18.0,0.0,0.0,0.0,0.0,0.0,0.0,0.0,0.0,0.0,3.0,,3.0,0.0,0.9,-14.8,0.0,2.8800000000000003
Chris Oladokun,QB,KC,65,3.0,0.6,4.7,-10.0,48.0,0.0,0.0,18.0,0.0,0.0,0.0,0.0,0.0,0.0,0.0,0.0,0.0,3.0,,3.0,0.0,0.6,-13.3,0.0,2.82
Kaleb Johnson,RB,PIT,71,35.0,3.9,8.9,-25.0,91.0,32.0,32.0,18.0,0.0,0.0,0.0,174.0,1.0,5.0,36.0,0.0,0.0,3.0,9.375,3.0,1.7777777777777777,2.1222222222222222,-9.1,-16.177777777777777,18.887777777777778
Justin Watson,WR,HOU,189,3.0,0.3,7.9,-22.0,44.0,0.0,0.0,18.0,0.0,0.0,0.0,0.0,0.0,0.0,0.0,0.0,0.0,3.0,,3.0,0.0,0.3,-10.1,0.0,2.37
NYJ DST,DST,NYJ,30,77.0,4.8,16.0,39.0,140.0,74.0,64.0,1.0,0.0,0.0,0.0,0.0,0.0,0.0,0.0,0.0,0.0,3.0,4.054054054054054,3.0,74.0,-69.2,15.0,1110.0,-1107.2
Cairo Santos,K,CHI,24,103.0,7.8,13.2,80.0,124.0,100.0,100.0,18.0,0.0,0.0,0.0,0.0,0.0,0.0,0.0,0.0,0.0,3.0,3.0,3.0,5.555555555555555,2.2444444444444445,-4.800000000000001,-26.66666666666667,29.626666666666665
Lew Nichols III,RB,PIT,128,3.0,0.4,6.1,-17.0,37.0,0.0,0.0,18.0,0.0,0.0,0.0,0.0,0.0,0.0,0.0,0.0,0.0,3.0,,3.0,0.0,0.4,-11.9,0.0,2.44
Ka'imi Fairbairn,K,HOU,12,116.0,8.2,14.2,90.0,150.0,113.0,113.0,18.0,0.0,0.0,0.0,0.0,0.0,0.0,0.0,0.0,0.0,3.0,2.6548672566371683,3.0,6.277777777777778,1.9222222222222216,-3.8000000000000007,-23.85555555555556,27.295555555555545
Tyler Warren,TE,IND,3,204.0,14.3,14.3,140.0,270.0,201.10000000000002,201.1,18.0,0.0,0.0,0.0,19.0,0.0,83.0,862.0,5.0,0.0,2.8999999999999773,1.4420686225758215,2.8999999999999773,11.172222222222224,3.1277777777777764,-3.6999999999999993,-41.33722222222222,44.7272222222222
Baker Mayfield,QB,TB,13,259.0,18.7,13.9,203.0,354.0,261.88,274.88,18.0,3682.0,26.0,13.0,306.0,2.0,0.0,0.0,0.0,4.0,-2.8799999999999955,-1.0997403390866027,2.8799999999999955,14.54888888888889,4.15111111111111,-4.1,-59.65044444444444,57.70044444444443
Foster Moreau,TE,HOU,97,7.0,1.2,6.1,-2.0,23.0,9.8,9.8,18.0,0.0,0.0,0.0,0.0,0.0,5.0,48.0,0.0,0.0,-2.8000000000000007,-28.571428571428577,2.8000000000000007,0.5444444444444445,0.6555555555555554,-11.9,-6.47888888888889,3.998888888888888
Trevor Etienne,RB,CAR,68,39.0,2.9,13.3,-37.0,104.0,36.2,36.2,18.0,0.0,0.0,0.0,164.0,1.0,8.0,58.0,0.0,0.0,2.799999999999997,7.734806629834246,2.799999999999997,2.011111111111111,0.8888888888888888,-4.699999999999999,-9.45222222222222,11.822222222222223
Brock Wright,TE,DET,67,30.0,3.0,10.1,0.0,51.0,27.3,27.3,18.0,0.0,0.0,0.0,0.0,0.0,11.0,103.0,1.0,0.0,2.6999999999999993,9.890109890109887,2.6999999999999993,1.5166666666666666,1.4833333333333334,-7.9,-11.981666666666667,14.981666666666667
Cooper Kupp,WR,SEA,69,89.0,7.2,12.5,17.0,163.0,86.4,86.4,18.0,0.0,0.0,0.0,0.0,0.0,32.0,364.0,3.0,0.0,2.5999999999999943,3.0092592592592524,2.5999999999999943,4.800000000000001,2.3999999999999995,-5.5,-26.400000000000006,29.999999999999993
Amon-Ra St. Brown,WR,DET,2,283.0,19.8,14.3,221.0,369.0,280.5,280.5,18.0,0.0,0.0,0.0,16.0,0.0,106.0,1249.0,8.0,1.0,2.5,0.8912655971479502,2.5,15.583333333333334,4.216666666666667,-3.6999999999999993,-57.658333333333324,60.29833333333334
Oscar Delp,TE,NO,61,37.0,5.0,7.5,0.0,76.0,39.400000000000006,39.4,18.0,0.0,0.0,0.0,0.0,0.0,17.0,164.0,1.0,0.0,-2.4000000000000057,-6.091370558375648,2.4000000000000057,2.188888888888889,2.811111111111111,-10.5,-22.983333333333334,21.083333333333332
Jacardia Wright,RB,SEA,133,2.0,0.4,5.2,-14.0,29.0,4.3,4.3,18.0,0.0,0.0,0.0,8.0,0.0,2.0,15.0,0.0,0.0,-2.3,-53.48837209302325,2.3,0.23888888888888887,0.16111111111111115,-12.8,-3.057777777777778,0.837777777777778
Tyler Conklin,TE,DET,105,4.0,0.7,5.5,-2.0,26.0,1.7000000000000002,1.7,18.0,0.0,0.0,0.0,0.0,0.0,1.0,7.0,0.0,0.0,2.3,135.2941176470588,2.3,0.09444444444444446,0.6055555555555555,-12.5,-1.1805555555555558,3.3305555555555553
Luke Farrell,TE,SF,95,8.0,0.8,9.2,0.0,33.0,10.100000000000001,10.1,18.0,0.0,0.0,0.0,0.0,0.0,5.0,51.0,0.0,0.0,-2.1000000000000014,-20.792079207920803,2.1000000000000014,0.5611111111111112,0.23888888888888882,-8.8,-4.93777777777778,2.197777777777777
IND DST,DST,IND,15,96.0,6.0,16.0,79.0,114.0,94.0,84.0,1.0,0.0,0.0,0.0,0.0,0.0,0.0,0.0,0.0,0.0,2.0,2.127659574468085,2.0,94.0,-88.0,15.0,1410.0,-1408.0
Cam Little,K,JAX,16,114.0,8.1,14.0,90.0,130.0,112.0,112.0,18.0,0.0,0.0,0.0,0.0,0.0,0.0,0.0,0.0,0.0,2.0,1.7857142857142856,2.0,6.222222222222222,1.8777777777777773,-4.0,-24.88888888888889,26.288888888888884
Princeton Fant,TE,DAL,115,2.0,0.4,4.1,-1.0,19.0,0.0,0.0,18.0,0.0,0.0,0.0,0.0,0.0,0.0,0.0,0.0,0.0,2.0,,2.0,0.0,0.4,-13.9,0.0,1.64
Dallen Bentley,TE,DEN,116,2.0,0.4,5.0,-2.0,23.0,0.0,0.0,18.0,0.0,0.0,0.0,0.0,0.0,0.0,0.0,0.0,0.0,2.0,,2.0,0.0,0.4,-13.0,0.0,2.0
Jalon Daniels,QB,TB,70,2.0,0.4,4.9,-11.0,47.0,0.0,0.0,18.0,0.0,0.0,0.0,0.0,0.0,0.0,0.0,0.0,0.0,2.0,,2.0,0.0,0.4,-13.1,0.0,1.9600000000000002
Eddy Pineiro,K,SF,25,103.0,7.7,13.3,59.0,134.0,101.0,101.0,18.0,0.0,0.0,0.0,0.0,0.0,0.0,0.0,0.0,0.0,2.0,1.9801980198019802,2.0,5.611111111111111,2.0888888888888895,-4.699999999999999,-26.372222222222216,27.78222222222223
Quinshon Judkins,RB,CLE,15,198.0,14.7,13.5,95.0,277.0,196.0,196.0,18.0,0.0,0.0,0.0,1012.0,6.0,32.0,228.0,1.0,1.0,2.0,1.0204081632653061,2.0,10.88888888888889,3.81111111111111,-4.5,-49.0,51.44999999999999
MIN DST,DST,MIN,5,106.0,6.6,16.0,68.0,137.0,108.0,92.0,1.0,0.0,0.0,0.0,0.0,0.0,0.0,0.0,0.0,0.0,-2.0,-1.8518518518518516,2.0,108.0,-101.4,15.0,1620.0,-1622.4
Ian Thomas,TE,LV,100,6.0,0.8,7.5,-2.0,35.0,4.0,4.0,18.0,0.0,0.0,0.0,0.0,0.0,2.0,20.0,0.0,0.0,2.0,50.0,2.0,0.2222222222222222,0.5777777777777778,-10.5,-2.333333333333333,4.333333333333334
Mitchell Trubisky,QB,TEN,57,9.0,4.7,1.9,-4.0,28.0,10.940000000000001,11.94,18.0,186.0,1.0,1.0,15.0,0.0,0.0,0.0,0.0,0.0,-1.9400000000000013,-17.733089579524687,1.9400000000000013,0.6077777777777779,4.092222222222222,-16.1,-9.785222222222224,7.775222222222222
Elijah Arroyo,TE,SEA,32,74.0,5.8,12.7,12.0,127.0,72.2,72.2,18.0,0.0,0.0,0.0,0.0,0.0,29.0,312.0,2.0,0.0,1.7999999999999972,2.4930747922437635,1.7999999999999972,4.011111111111111,1.7888888888888888,-5.300000000000001,-21.25888888888889,22.718888888888888
Roschon Johnson,RB,CHI,113,6.0,0.8,7.6,-21.0,54.0,7.6000000000000005,7.6,18.0,0.0,0.0,0.0,42.0,0.0,2.0,14.0,0.0,0.0,-1.6000000000000005,-21.052631578947373,1.6000000000000005,0.4222222222222223,0.37777777777777777,-10.4,-4.391111111111112,2.871111111111111
Tee Higgins,WR,CIN,6,226.0,16.3,13.8,159.0,350.0,224.4,224.4,18.0,0.0,0.0,0.0,6.0,0.0,75.0,1048.0,7.0,0.0,1.5999999999999943,0.7130124777183575,1.5999999999999943,12.466666666666667,3.833333333333334,-4.199999999999999,-52.35999999999999,52.90000000000001
Sean Tucker,RB,TB,59,51.0,4.2,12.2,-34.0,132.0,52.5,52.5,18.0,0.0,0.0,0.0,288.0,2.0,8.0,57.0,0.0,1.0,-1.5,-2.857142857142857,1.5,2.9166666666666665,1.2833333333333337,-5.800000000000001,-16.916666666666668,15.65666666666667
Jalen Brooks,WR,ARI,177,5.0,0.8,6.4,-18.0,27.0,6.5,6.5,18.0,0.0,0.0,0.0,0.0,0.0,3.0,35.0,0.0,0.0,-1.5,-23.076923076923077,1.5,0.3611111111111111,0.43888888888888894,-11.6,-4.188888888888889,2.808888888888889
Travis Kelce,TE,KC,7,170.0,11.9,14.3,127.0,204.0,171.4,171.4,18.0,0.0,0.0,0.0,0.0,0.0,70.0,714.0,5.0,0.0,-1.4000000000000057,-0.8168028004667477,1.4000000000000057,9.522222222222222,2.377777777777778,-3.6999999999999993,-35.23222222222221,34.00222222222223
Lucas Krull,TE,DEN,98,7.0,1.1,6.1,-2.0,26.0,8.100000000000001,8.1,18.0,0.0,0.0,0.0,0.0,0.0,4.0,41.0,0.0,0.0,-1.1000000000000014,-13.580246913580263,1.1000000000000014,0.45000000000000007,0.65,-11.9,-5.355000000000001,3.965
Max Klare,TE,LAR,45,55.0,6.8,8.1,0.0,99.0,56.1,56.1,18.0,0.0,0.0,0.0,0.0,0.0,22.0,221.0,2.0,0.0,-1.1000000000000014,-1.9607843137254926,1.1000000000000014,3.1166666666666667,3.683333333333333,-9.9,-30.855,29.834999999999997
Derrick Henry,RB,BAL,7,248.0,17.9,13.8,170.0,341.0,246.9,246.9,18.0,0.0,0.0,0.0,1406.0,12.0,17.0,133.0,1.0,2.0,1.0999999999999943,0.4455245038477093,1.0999999999999943,13.716666666666667,4.183333333333332,-4.199999999999999,-57.60999999999999,57.72999999999998
GB DST,DST,GB,14,97.0,6.1,16.0,56.0,148.0,96.0,86.0,1.0,0.0,0.0,0.0,0.0,0.0,0.0,0.0,0.0,0.0,1.0,1.0416666666666665,1.0,96.0,-89.9,15.0,1440.0,-1438.4
Lake McRee,TE,PIT,117,1.0,0.3,3.5,-1.0,22.0,0.0,0.0,18.0,0.0,0.0,0.0,0.0,0.0,0.0,0.0,0.0,0.0,1.0,,1.0,0.0,0.3,-14.5,0.0,1.05
David Njoku,TE,LAC,42,57.0,5.0,11.5,20.0,136.0,58.0,58.0,18.0,0.0,0.0,0.0,0.0,0.0,23.0,230.0,2.0,0.0,-1.0,-1.7241379310344827,1.0,3.2222222222222223,1.7777777777777777,-6.5,-20.944444444444446,20.444444444444443
Dallas Goedert,TE,PHI,15,135.0,10.8,12.5,89.0,171.0,136.0,136.0,18.0,0.0,0.0,0.0,0.0,0.0,53.0,590.0,4.0,0.0,-1.0,-0.7352941176470588,1.0,7.555555555555555,3.2444444444444454,-5.5,-41.55555555555556,40.555555555555564
Terrell Jennings,RB,NE,140,1.0,0.1,7.3,-21.0,36.0,0.0,0.0,18.0,0.0,0.0,0.0,0.0,0.0,0.0,0.0,0.0,0.0,1.0,,1.0,0.0,0.1,-10.7,0.0,0.73
TB DST,DST,TB,21,90.0,5.6,16.0,70.0,126.0,91.0,81.0,1.0,0.0,0.0,0.0,0.0,0.0,0.0,0.0,0.0,0.0,-1.0,-1.098901098901099,1.0,91.0,-85.4,15.0,1365.0,-1366.4
Tyler Higbee,TE,LAR,66,32.0,3.7,8.6,0.0,55.0,32.9,32.9,18.0,0.0,0.0,0.0,0.0,0.0,14.0,129.0,1.0,0.0,-0.8999999999999986,-2.735562310030391,0.8999999999999986,1.8277777777777777,1.8722222222222225,-9.4,-17.18111111111111,16.101111111111113
Jaylin Noel,WR,HOU,73,86.0,6.1,14.1,11.0,163.0,85.19999999999999,85.2,18.0,0.0,0.0,0.0,38.0,0.0,32.0,374.0,2.0,0.0,0.8000000000000114,0.9389671361502483,0.8000000000000114,4.7333333333333325,1.3666666666666671,-3.9000000000000004,-18.459999999999997,19.270000000000007
Stone Smartt,TE,PHI,103,5.0,1.0,5.6,-2.0,27.0,5.7,5.7,18.0,0.0,0.0,0.0,0.0,0.0,3.0,27.0,0.0,0.0,-0.7000000000000002,-12.280701754385968,0.7000000000000002,0.31666666666666665,0.6833333333333333,-12.4,-3.9266666666666667,3.8266666666666667
Ben Sinnott,TE,WAS,71,27.0,2.9,9.3,0.0,77.0,27.5,27.5,18.0,0.0,0.0,0.0,0.0,0.0,11.0,105.0,1.0,0.0,-0.5,-1.8181818181818181,0.5,1.5277777777777777,1.3722222222222222,-8.7,-13.291666666666664,12.761666666666668
Trey Lance,QB,LAC,55,14.0,2.8,5.2,-10.0,71.0,13.620000000000001,14.62,18.0,183.0,1.0,1.0,43.0,0.0,0.0,0.0,0.0,0.0,0.379999999999999,2.7900146842878044,0.379999999999999,0.7566666666666667,2.043333333333333,-12.8,-9.685333333333334,10.625333333333332
Tutu Atwell,WR,MIA,157,11.0,1.2,9.2,-11.0,99.0,10.7,10.7,18.0,0.0,0.0,0.0,5.0,0.0,4.0,62.0,0.0,0.0,0.3000000000000007,2.8037383177570163,0.3000000000000007,0.5944444444444444,0.6055555555555555,-8.8,-5.231111111111112,5.571111111111111
Nate Adkins,TE,DEN,101,6.0,0.8,7.5,-3.0,31.0,5.7,5.7,18.0,0.0,0.0,0.0,0.0,0.0,3.0,27.0,0.0,0.0,0.2999999999999998,5.263157894736839,0.2999999999999998,0.31666666666666665,0.4833333333333334,-10.5,-3.3249999999999997,3.6250000000000004
Austin Hooper,TE,ATL,64,33.0,3.0,11.0,0.0,92.0,33.2,33.2,18.0,0.0,0.0,0.0,0.0,0.0,14.0,132.0,1.0,0.0,-0.20000000000000284,-0.6024096385542254,0.20000000000000284,1.8444444444444446,1.1555555555555554,-7.0,-12.911111111111111,12.71111111111111
Juwan Johnson,TE,NO,11,141.0,10.5,13.4,68.0,185.0,140.9,140.9,18.0,0.0,0.0,0.0,0.0,0.0,56.0,609.0,4.0,0.0,0.09999999999999432,0.07097232079488595,0.09999999999999432,7.827777777777778,2.6722222222222216,-4.6,-36.007777777777775,35.80777777777777
ARI DST,DST,ARI,31,76.0,4.8,16.0,53.0,117.0,76.0,66.0,1.0,0.0,0.0,0.0,0.0,0.0,0.0,0.0,0.0,0.0,0.0,0.0,0.0,76.0,-71.2,15.0,1140.0,-1139.2
Myles Price,WR,MIN,175,6.0,0.4,13.0,-36.0,76.0,6.0,0.0,18.0,0.0,0.0,0.0,0.0,0.0,0.0,0.0,0.0,0.0,0.0,0.0,0.0,0.3333333333333333,0.06666666666666671,-5.0,-1.6666666666666665,0.8666666666666671
